,V1,V2,V3,V4,V5,V6,V7,V8,V9,V10,V11,V12,V13,V14,V15,V16,V17,V18,V19,V20,V21,V22,V23,V24,V25,V26,V27,V28,V29,V30,V31,V32,V33,V34,V35,V36,V37,V38,V39,V40,V41,V42,V43,V44,V45,V46,V47,V48,V49,V50,V51,V52,V53,V54,V55,V56,V57,V58,V59,V60,V61,V62,V63,V64,V65,V66,V67,V68,V69,V70,V71,V72,V73,V74,V75,V76,V77,V78,V79,V80,V81,V82,V83,V84,V85,V86,V87,V88,V89,V90,V91,V92,V93,V94,V95,V96,V97,V98,V99,V100,V101,V102,V103,V104,V105,V106,V107,V108,V109,V110,V111,V112,V113,V114,V115,V116,V117,V118,V119,V120,V121,V122,V123,V124,V125,V126,V127,V128,V129,V130,V131,V132,V133,V134,V135,V136,V137,V138,V139,V140,V141,V142,V143,V144,V145,V146,V147,V148,V149,V150,V151,V152,V153,V154,V155,V156,V157,V158,V159,V160,V161,V162,V163,V164,V165,V166,V167,V168,V169,V170,V171,V172,V173,V174,V175,V176,V177,V178,V179,V180,V181,V182,V183,V184
chromosomes,uce-1038,uce-1088,uce-1107,uce-1135,uce-1172,uce-1183,uce-1201,uce-1241,uce-1242,uce-1246,uce-1257,uce-1290,uce-1291,uce-1295,uce-1318,uce-1336,uce-1490,uce-15,uce-1588,uce-166,uce-1698,uce-171,uce-1742,uce-1743,uce-1757,uce-1774,uce-1775,uce-1796,uce-1810,uce-1875,uce-1919,uce-192,uce-1925,uce-1963,uce-1975,uce-1996,uce-2007,uce-2010,uce-2023,uce-2103,uce-211,uce-2138,uce-220,uce-2210,uce-2261,uce-230,uce-2386,uce-2456,uce-2457,uce-2485,uce-249,uce-2514,uce-2576,uce-2599,uce-261,uce-268,uce-2704,uce-2817,uce-299,uce-2998,uce-3028,uce-3032,uce-3082,uce-320,uce-3248,uce-3309,uce-3323,uce-3338,uce-334,uce-3384,uce-3436,uce-3462,uce-3472,uce-353,uce-353,uce-353,uce-3564,uce-3648,uce-3746,uce-3851,uce-3874,uce-3905,uce-3946,uce-3988,uce-4010,uce-4096,uce-4099,uce-412,uce-4174,uce-418,uce-4211,uce-436,uce-4386,uce-4416,uce-442,uce-4423,uce-4453,uce-4559,uce-4593,uce-4607,uce-463,uce-4688,uce-4778,uce-4827,uce-4830,uce-4891,uce-4933,uce-5029,uce-5038,uce-5208,uce-5313,uce-5314,uce-5395,uce-5542,uce-5573,uce-5578,uce-575,uce-5797,uce-5803,uce-5889,uce-5953,uce-6140,uce-6258,uce-6261,uce-6264,uce-6278,uce-641,uce-6449,uce-6595,uce-66,uce-6627,uce-6657,uce-6676,uce-6718,uce-6732,uce-6806,uce-6887,uce-6892,uce-6944,uce-6948,uce-697,uce-6988,uce-6990,uce-7062,uce-7063,uce-708,uce-7122,uce-7147,uce-7170,uce-718,uce-7210,uce-7212,uce-7215,uce-7240,uce-7269,uce-7283,uce-7286,uce-7325,uce-7415,uce-744,uce-7532,uce-7615,uce-7622,uce-7627,uce-7669,uce-786,uce-7872,uce-7941,uce-7947,uce-7969,uce-8005,uce-814,uce-837,uce-845,uce-884,uce-899,uce-906,uce-915,uce-917,uce-934,uce-950,uce-958,uce-99,uce-997
Bos_indicus_2,0.612849471,0.727513919,0.704933183,0.614591073,0.843400679,0.612935012,0.606269473,0.610068255,0.604598137,0.764133891,0.704964807,0.762634007,0.617210398,0.618241519,0.766042487,0.610060869,0.854253042,0.828139786,0.709791305,0.834037687,0.613291863,0.612788482,0.613898747,0.703283428,0.760454827,0.616654132,0.762026454,0.759651341,0.602480522,0.702104369,0.609311165,0.629291001,0.843118424,0.843775414,0.759566436,0.607071558,0.628737813,0.605008413,0.842513814,0.845678089,0.765544018,0.830532947,0.702313737,0.606818361,0.843722393,0.604676662,0.743439068,0.612762942,0.608093353,0.809857267,0.61302779,0.847296923,0.615644073,0.743166373,0.848902273,0.612571047,0.621303925,0.766108025,0.631447798,0.764563999,0.858567623,0.60539364,0.851610771,0.832401858,0.618949511,0.613062144,0.847306064,0.62619331,0.761076247,0.613741241,0.607876138,0.619383678,0.85579119,0.758550694,0.758550268,0.758550481,0.603853217,0.607118501,0.750252844,0.613451934,0.711472394,0.606414418,0.827494531,0.703295021,0.760437276,0.743243682,0.766224758,0.604917825,0.759627088,0.61024164,0.612952136,0.60998953,0.854382989,0.756558498,0.711626629,0.702332083,0.72752021,0.609387345,0.613231378,0.608975334,0.705155487,0.606513344,0.70158921,0.852891137,0.743016501,0.619027027,0.616213134,0.7616778,0.605760768,0.836036339,0.83464116,0.743266756,0.612471538,0.843037915,0.840520295,0.608247773,0.647305275,0.710192604,0.608928278,0.762402348,0.843856577,0.763984503,0.847271959,0.742263059,0.612533536,0.604654214,0.709108583,0.602462161,0.616366467,0.607052721,0.607035568,0.608958452,0.620271297,0.705172455,0.620435406,0.810731977,0.608240736,0.613195282,0.760569732,0.127678476,0.701118315,0.577715935,0.615304993,0.603330502,0.759703573,0.61326973,0.703129043,0.840687411,0.709312939,0.742318951,0.633454424,0.761106571,0.615835869,0.607140387,0.887980865,0.844584913,0.603676342,0.612876788,0.606621283,0.617312544,0.630796671,0.621833137,0.618536257,0.630989285,0.602469525,0.627773077,0.619136957,0.604345537,0.887874696,0.700924244,0.842571889,0.613301189,0.827802135,0.621660299,0.890750239,0.829352275,0.612885994,0.630221867,0.76062588,0.607749191,0.7587743,0.845929722,0.702739374,0.843799561
Bos_taurus_2,0.616432876,0.728599032,0.705667469,0.618228442,0.843125493,0.616521204,0.609782985,0.613655419,0.607977465,0.763998591,0.705700127,0.762450156,0.620950178,0.622010787,0.765958305,0.613647792,0.853637527,0.828046733,0.710568479,0.833645433,0.616892162,0.616369895,0.617518333,0.703976094,0.760385393,0.620331949,0.761840773,0.759555516,0.606357622,0.702759543,0.612873689,0.63338377,0.842834531,0.843490725,0.75946786,0.61060994,0.632806633,0.608401303,0.842210753,0.845368446,0.76544241,0.830513211,0.702972211,0.610348656,0.843436009,0.608058518,0.743262232,0.61634352,0.611615268,0.809352588,0.616617012,0.847056621,0.619316168,0.742980571,0.848711112,0.616145416,0.624985659,0.766025977,0.635554126,0.764442594,0.858010082,0.608794701,0.85131581,0.832243051,0.622551882,0.616652473,0.847066061,0.630194139,0.761027016,0.617355698,0.611414675,0.623000216,0.855230262,0.758570682,0.758570242,0.758570462,0.607209336,0.610658409,0.750556962,0.617057454,0.712264891,0.60993149,0.827380513,0.703988726,0.760367262,0.743060406,0.766146522,0.608307764,0.759530478,0.613834387,0.616538887,0.613574159,0.853772826,0.756810695,0.712424076,0.702991157,0.728605528,0.612952342,0.616829702,0.612526918,0.70589702,0.61003364,0.702227726,0.852637953,0.742825849,0.62263193,0.619876495,0.761480877,0.609174394,0.835314853,0.834264976,0.743084233,0.616042671,0.8427514,0.840056612,0.611774645,0.651905965,0.710947027,0.612478302,0.762210974,0.843574428,0.763844309,0.847030864,0.74204784,0.616106695,0.608035359,0.709870629,0.606376582,0.62003488,0.610590488,0.610572775,0.612509484,0.623919691,0.705914542,0.62408916,0.810746293,0.611767377,0.616792427,0.760504066,0.12895244,0.70174156,0.58349989,0.61896544,0.606669599,0.759609359,0.616869306,0.703814412,0.840229186,0.710081674,0.742105544,0.637631816,0.76105833,0.619496134,0.61068112,0.887860887,0.844250177,0.60702672,0.616461085,0.610145141,0.621055653,0.634881049,0.625506311,0.622316687,0.635079961,0.606368977,0.631815487,0.622745451,0.607717986,0.887750809,0.701544417,0.842271099,0.616901792,0.827698069,0.625342831,0.890422416,0.829264385,0.616470591,0.634287998,0.760562048,0.611285256,0.758804909,0.845628174,0.703410606,0.843515617
Bubalus_bubalis_2,0.445220834,0.526654732,0.510051085,0.446535542,0.609267753,0.445284911,0.440395228,0.443190439,0.439100769,0.552386294,0.510077035,0.551207309,0.448521072,0.449309532,0.553789919,0.443184906,0.616934142,0.59837133,0.51361286,0.602436165,0.445553698,0.445175209,0.44601565,0.508811562,0.549727581,0.448080128,0.550763633,0.549126356,0.437925689,0.507893247,0.442625252,0.457570498,0.609054827,0.609531039,0.549064708,0.441003866,0.457179467,0.43940394,0.608604311,0.610916641,0.55339841,0.600162164,0.508045641,0.440800841,0.609491387,0.439159707,0.53733174,0.445156162,0.441725799,0.584779056,0.44535392,0.612124325,0.447323518,0.537126457,0.613330282,0.445016439,0.451515582,0.553838775,0.459242494,0.552705382,0.620066235,0.439688441,0.615299837,0.601421536,0.449705967,0.445379685,0.612131197,0.455282529,0.550176162,0.445899406,0.441587739,0.45006484,0.618078764,0.54842845,0.548428132,0.548428291,0.438534333,0.441038857,0.542614256,0.445673046,0.514834786,0.440501475,0.597891749,0.508820729,0.549714465,0.537184092,0.553931725,0.439340437,0.549108197,0.443311934,0.445297751,0.443131245,0.617042888,0.54712113,0.514950653,0.508059352,0.526659451,0.442684642,0.445508556,0.442379998,0.510215032,0.440575629,0.507488914,0.616266742,0.537013858,0.449761052,0.447739675,0.550514191,0.439963621,0.603625897,0.602881643,0.537203044,0.44494203,0.608994943,0.607107147,0.441840874,0.471268573,0.513885658,0.442344784,0.55103641,0.609591688,0.552230144,0.612105708,0.536460592,0.444988362,0.439142902,0.51310186,0.437939417,0.447857631,0.440989745,0.440976916,0.442367387,0.45072902,0.510227723,0.450852572,0.585810755,0.441835681,0.44548167,0.549813628,0.254877783,0.507136536,0.421154928,0.44706907,0.438153836,0.549165306,0.44553718,0.508685199,0.607233419,0.51325818,0.536502103,0.460867834,0.55019885,0.447463162,0.441055369,0.641602762,0.610060613,0.438406976,0.445241231,0.440656568,0.448597569,0.4587469,0.45190495,0.449534134,0.458887586,0.437933906,0.456435059,0.449843257,0.438911626,0.641523289,0.506995356,0.608648629,0.445560638,0.598119353,0.451786766,0.643452783,0.599252597,0.445248119,0.458260501,0.549855533,0.441493093,0.54859953,0.611105928,0.508368895,0.609549177
Camelus_ferus_5,0.250589077,0.367604589,0.342458139,0.25286192,0.494607089,0.250711503,0.242863186,0.2473146,0.240774493,0.405935408,0.34248578,0.40445158,0.255777387,0.256933052,0.407792585,0.247304369,0.506860856,0.477244659,0.34784042,0.483940188,0.251216196,0.250502958,0.251985383,0.340693871,0.402002053,0.255034264,0.403772015,0.400978789,0.238989047,0.33940129,0.246485726,0.268599672,0.494260142,0.495107891,0.400867782,0.243777872,0.268081552,0.241319497,0.493592826,0.497322347,0.407410839,0.480240224,0.339677479,0.2435478,0.495031756,0.240880768,0.383734124,0.250466099,0.245017803,0.456292523,0.250844026,0.499269536,0.25397918,0.383401803,0.501245082,0.250230671,0.260010783,0.407887092,0.271188327,0.406478486,0.51171838,0.241782478,0.50420852,0.482259429,0.257489639,0.250892877,0.499282849,0.265295914,0.402780283,0.251823939,0.244741788,0.257998204,0.508508156,0.399859378,0.399858764,0.399859071,0.239909826,0.243839781,0.391599851,0.251447774,0.349827528,0.243051975,0.476306275,0.340711486,0.401976655,0.383503059,0.408014669,0.241201158,0.400943579,0.247471149,0.250736471,0.247210301,0.507045958,0.398025019,0.350097183,0.339703502,0.367613725,0.246556576,0.251131623,0.246089488,0.342715872,0.243183454,0.338848574,0.505816924,0.383243656,0.257574068,0.254530031,0.403337792,0.242224402,0.485764153,0.484570902,0.383536466,0.250091716,0.494166362,0.491433509,0.245229758,0.287634074,0.348287495,0.246021424,0.404162548,0.495220228,0.405796668,0.49923282,0.382385154,0.250178625,0.240848088,0.34706052,0.23901548,0.254761148,0.243751408,0.243726809,0.246065278,0.258885781,0.342740544,0.259065394,0.457801873,0.245219649,0.2510831,0.402166417,0.837667286,0.338391902,0.216057739,0.253641031,0.239291525,0.401052936,0.251184499,0.340520895,0.491618498,0.347331476,0.382462445,0.273345422,0.402824577,0.254164323,0.243871703,0.543562552,0.496069677,0.239656373,0.25062821,0.243298044,0.255922149,0.270452763,0.260582209,0.257265107,0.270666346,0.239004726,0.266739781,0.257691629,0.24045358,0.543464818,0.338195145,0.493675044,0.251229275,0.476778473,0.260408577,0.54623578,0.478755033,0.250641513,0.269661229,0.402247088,0.244631222,0.400133805,0.497671905,0.340102208,0.495140264
Capra_aegagrus_2,0.605005871,0.717997651,0.696104404,0.607033567,0.85291689,0.605105157,0.597428606,0.601700825,0.595467109,0.75929915,0.696142787,0.75756897,0.609999152,0.61117499,0.766461539,0.601692702,0.864675086,0.829268373,0.697755364,0.83549609,0.605533742,0.604935111,0.606247337,0.694307688,0.755384404,0.609363496,0.756917488,0.754428995,0.593636306,0.69301556,0.60074979,0.620018287,0.852588052,0.853344311,0.75433468,0.598308373,0.619439324,0.595922072,0.85185243,0.855318446,0.765987048,0.83194366,0.693257945,0.598021426,0.853286384,0.595557162,0.734135429,0.604907038,0.599343604,0.814950165,0.60520685,0.85730868,0.608229174,0.733851208,0.859436358,0.604680048,0.614337117,0.766543125,0.622422546,0.764631955,0.869473177,0.596371293,0.862253588,0.833936433,0.611767427,0.605250693,0.857318843,0.616623656,0.756052476,0.606071018,0.599140235,0.612237958,0.866457835,0.753333135,0.753332666,0.7533329,0.594610509,0.598361582,0.744420085,0.605756451,0.699575911,0.597585749,0.828514028,0.6943211,0.755365236,0.73393106,0.766683998,0.595824293,0.754402211,0.601901249,0.605124474,0.601558171,0.864848577,0.751387994,0.699765689,0.693278089,0.718004571,0.600852989,0.605448125,0.6003867,0.696339391,0.597694471,0.692418014,0.86369215,0.733709445,0.611861965,0.608831727,0.756561031,0.596789474,0.837307428,0.836193235,0.733956353,0.604566343,0.85249228,0.849599197,0.599526609,0.640993899,0.698142402,0.600329094,0.757317204,0.853441535,0.759160465,0.85728106,0.732817219,0.604634455,0.595532495,0.69697047,0.593656482,0.609038244,0.598287768,0.598268779,0.600368141,0.613178394,0.696358036,0.613350744,0.816529873,0.599519079,0.605406328,0.755509295,0.691672027,0.691918926,0.567731386,0.607848737,0.594010175,0.754486172,0.605490172,0.694127628,0.849776274,0.697189859,0.732880786,0.62475988,0.756085923,0.608426068,0.598385796,0.902480286,0.854132142,0.594406695,0.605039459,0.59781191,0.610112764,0.621722894,0.614917346,0.611494298,0.621923521,0.593648366,0.618363163,0.611969796,0.595177943,0.902373227,0.691678385,0.851923604,0.605543975,0.82889388,0.61474298,0.905215765,0.830648407,0.605049574,0.62106625,0.755571057,0.599020812,0.753651591,0.855629772,0.693726538,0.853372485
Capra_hircus_2,0.616004122,0.726737307,0.703562814,0.617801208,0.841961436,0.616092224,0.609269995,0.613153574,0.60743834,0.762383628,0.703598818,0.760760278,0.620585769,0.621701511,0.764513655,0.613145955,0.852466125,0.826855842,0.708537338,0.832547913,0.616465579,0.615941409,0.61708005,0.701927568,0.758679756,0.619980587,0.760154627,0.757831802,0.60574323,0.700736367,0.612337602,0.632766521,0.841671818,0.842363924,0.757743315,0.610095086,0.632214909,0.607865177,0.840983207,0.844180006,0.764066826,0.829349796,0.700955792,0.609824808,0.842309591,0.607522802,0.741175959,0.615915096,0.611050958,0.808188672,0.616187587,0.845974668,0.618908988,0.740908339,0.847626594,0.615722994,0.624616186,0.76459022,0.635014172,0.762840771,0.856752228,0.60828436,0.850224056,0.831164082,0.622246844,0.616222778,0.845984198,0.629573019,0.759313478,0.616914679,0.61086027,0.622678436,0.854110528,0.756860298,0.756859858,0.756860078,0.606638887,0.610143566,0.748696769,0.616630416,0.710210735,0.609416027,0.826160154,0.701940124,0.758661765,0.740983227,0.764722209,0.60777347,0.757806676,0.613339639,0.61611034,0.613073704,0.852626698,0.755015369,0.71038919,0.700974684,0.72674379,0.612419039,0.616403335,0.611995205,0.703783866,0.609518019,0.700186718,0.851550543,0.740775471,0.622325541,0.619483103,0.759821115,0.608673259,0.834181569,0.833156377,0.741006946,0.61562057,0.841584954,0.838936976,0.611221282,0.650739534,0.708900862,0.611946608,0.76053067,0.8424475,0.76225344,0.845948772,0.740006638,0.615684448,0.607499653,0.707821498,0.605762152,0.619679805,0.610075762,0.610057954,0.6119778,0.623559303,0.703801352,0.623720836,0.809637794,0.61121422,0.616364122,0.758797117,0.699517541,0.699728704,0.582326698,0.618552035,0.606088236,0.757885417,0.616442775,0.701758666,0.839099124,0.708026676,0.740061799,0.637050851,0.759344853,0.619090468,0.610166275,0.88690833,0.843090686,0.606452602,0.616032149,0.609628201,0.620692324,0.634339296,0.625145835,0.622001633,0.634527845,0.605754541,0.631218074,0.622426669,0.607169973,0.886807466,0.699523497,0.841043517,0.616475205,0.826509005,0.624981658,0.88944001,0.828133278,0.616041635,0.633730246,0.75885498,0.61074817,0.757101744,0.844458423,0.701385626,0.842388757
Ceratotherium_simum_9,0.325560508,0.47887519,0.445971532,0.328200107,0.648382347,0.325700454,0.31566062,0.321257045,0.313145967,0.530782746,0.4460041,0.528760935,0.331907522,0.333387866,0.533364888,0.321244731,0.663793852,0.625797987,0.452972824,0.634372037,0.326290274,0.325461735,0.327145176,0.443637986,0.525491234,0.331054118,0.527931314,0.524221427,0.310790266,0.441513063,0.320320605,0.347339555,0.647961106,0.648887455,0.524088868,0.316812007,0.346688082,0.313765835,0.647099513,0.651741989,0.532735072,0.629624417,0.441846799,0.316493557,0.648799748,0.313268512,0.500222477,0.325418922,0.318274237,0.597900423,0.325855067,0.654245541,0.329703082,0.499819041,0.656567142,0.325134228,0.336696541,0.533468202,0.35042671,0.531406025,0.670176643,0.314346669,0.660219703,0.632178603,0.334108896,0.325911823,0.654261207,0.343714521,0.526464045,0.327014061,0.317966104,0.334605268,0.666049402,0.522934385,0.522933672,0.522934029,0.311832693,0.316883965,0.511250454,0.326556853,0.455715356,0.315878622,0.624549718,0.443658632,0.525462137,0.499940481,0.533649582,0.313629158,0.52418111,0.321431246,0.325729896,0.321131741,0.664021529,0.520322825,0.456039143,0.441874909,0.478885792,0.320407028,0.326193807,0.319871064,0.446255798,0.316029135,0.440553588,0.662256158,0.499614019,0.334207764,0.330443284,0.5272458,0.3148794,0.636973197,0.635190817,0.499979883,0.32497095,0.647824215,0.644252895,0.318519695,0.371949886,0.453563393,0.31979245,0.528420305,0.649018748,0.53058835,0.654202478,0.498486963,0.32507418,0.313231095,0.451935353,0.310820896,0.330695065,0.316781306,0.316752541,0.319843001,0.33530772,0.446284455,0.335518316,0.599772043,0.318507726,0.326137253,0.525683348,0.74068924,0.439602969,0.279069017,0.329204975,0.311154477,0.524307505,0.326254259,0.443402227,0.644492172,0.452189928,0.498580174,0.353044189,0.526515844,0.329996667,0.31692074,0.710058011,0.65013872,0.311552207,0.325605069,0.316200115,0.332089747,0.349492445,0.337404556,0.333802332,0.349734373,0.310808451,0.345633222,0.334329156,0.312762857,0.709932423,0.439313259,0.647198238,0.326305357,0.625252621,0.337213131,0.713349142,0.627627293,0.325620509,0.34866462,0.525784236,0.317803075,0.52323736,0.65214029,0.442601098,0.64892555
Cricetulus_griseus_6,0.170770803,0.261413098,0.242620695,0.172236816,0.351306902,0.170849486,0.165705759,0.168835038,0.164427701,0.290363357,0.24263748,0.289180716,0.174537842,0.175361179,0.291687858,0.168828342,0.359642192,0.339733845,0.247063556,0.344308336,0.171180457,0.170716771,0.171681698,0.24099258,0.28728642,0.174005556,0.288744168,0.286622556,0.163226571,0.239785095,0.168342479,0.183851804,0.35104457,0.35157239,0.286552604,0.166390154,0.183598494,0.164749084,0.350625868,0.35308793,0.291398812,0.341614968,0.240002546,0.166248436,0.351523839,0.164497284,0.273225494,0.170692679,0.167262973,0.325821957,0.170939582,0.354549136,0.173110901,0.273038458,0.355786875,0.170556918,0.17739418,0.291745,0.185988074,0.29072349,0.362946554,0.165039736,0.357737382,0.343043246,0.175681585,0.170969779,0.35455704,0.181792809,0.287825061,0.171604216,0.167033627,0.175966724,0.360807514,0.285843914,0.285843529,0.285843721,0.163865051,0.166434919,0.279507906,0.171325362,0.248433767,0.165814722,0.339164043,0.241003736,0.28727101,0.273086982,0.291844485,0.164675118,0.286599827,0.168903722,0.170868148,0.168772241,0.359749157,0.284299765,0.24855798,0.240018759,0.261418496,0.168386448,0.171126695,0.168104638,0.2427795,0.165911771,0.239238909,0.358876588,0.272955649,0.175732815,0.173555121,0.288275682,0.16530284,0.345422705,0.344654408,0.273106023,0.170471475,0.350988983,0.34887818,0.167450028,0.198296505,0.247344068,0.16806385,0.288989465,0.351641697,0.290254734,0.354527068,0.272302177,0.170524652,0.164478044,0.246473004,0.163243241,0.173700599,0.166372899,0.166356037,0.168090166,0.176427994,0.242794698,0.176553434,0.326837541,0.167444142,0.171096749,0.287392549,0.421246027,0.238764864,0.143721041,0.172823191,0.163441709,0.286669198,0.171160278,0.240862853,0.348976431,0.246645664,0.272348491,0.187936396,0.287851505,0.173244168,0.166455194,0.383375715,0.352172087,0.163653518,0.170796129,0.166037604,0.174623954,0.185264993,0.177992315,0.17557721,0.185470491,0.163236506,0.182948769,0.175811775,0.164236346,0.38330094,0.238631847,0.350675228,0.171188438,0.339443032,0.177836858,0.385084178,0.34072066,0.170804541,0.184723408,0.287441119,0.16693821,0.28601243,0.353359477,0.240475685,0.351591855
Desmodus_rotundus_2,0.646128886,0.707720086,0.695042371,0.647223052,0.773465519,0.646184546,0.642153451,0.644409588,0.641102088,0.727984458,0.695051861,0.727252553,0.648744198,0.649314349,0.728816454,0.644404616,0.779422209,0.764698961,0.697984168,0.768138063,0.64642125,0.646089045,0.646750188,0.693988825,0.726034344,0.648380285,0.726937412,0.725534711,0.640245233,0.693188021,0.644051597,0.65513185,0.773292806,0.773714738,0.725482511,0.642651637,0.654797047,0.641358221,0.772942782,0.774782842,0.728654786,0.76625267,0.69337346,0.642513849,0.773680155,0.641150908,0.71632079,0.646071741,0.64327334,0.754453426,0.646245254,0.775799144,0.647773893,0.716156376,0.776741208,0.645953215,0.650851237,0.728863426,0.656473031,0.728202301,0.781937736,0.64159289,0.778151479,0.76726156,0.649641592,0.646268059,0.775805348,0.653663226,0.726408831,0.646707944,0.643132204,0.649893632,0.78032394,0.725008318,0.725008031,0.725008174,0.640701141,0.642680322,0.720616166,0.646529699,0.698919143,0.642267774,0.76424212,0.693997002,0.726022581,0.716209543,0.728935219,0.641299801,0.725518477,0.644484189,0.646196409,0.644361584,0.779500784,0.723916354,0.699012863,0.693385562,0.707724304,0.64408736,0.64638222,0.643874058,0.695179667,0.642334195,0.692910883,0.778942712,0.716055072,0.649696855,0.648090343,0.726697818,0.64184366,0.769079339,0.76844699,0.716225203,0.645887482,0.773248991,0.771746863,0.643372242,0.665424046,0.698139726,0.643842465,0.727116236,0.773763406,0.7279262,0.775781936,0.715647081,0.645929144,0.641135639,0.697528353,0.64025755,0.648211921,0.642639391,0.642627867,0.643862777,0.650240433,0.695192089,0.650318172,0.75530732,0.643367667,0.646359424,0.72611546,0.551306225,0.692634371,0.628437349,0.647610754,0.640395314,0.725569275,0.646406798,0.69388062,0.771824253,0.697661781,0.715683283,0.657551484,0.726429301,0.647880728,0.642695194,0.796567657,0.774141275,0.640581349,0.64614681,0.642405801,0.648813374,0.656058296,0.651165103,0.64948801,0.656167295,0.640252573,0.654408394,0.649747405,0.640960178,0.796521177,0.692530426,0.772980016,0.646427726,0.764475701,0.651065618,0.797793526,0.765484223,0.646153081,0.65565927,0.726154107,0.643069314,0.725112191,0.774939543,0.693633666,0.773729296
Equus_asinus_4,0.305295491,0.441243545,0.411613063,0.307672537,0.592031157,0.30542379,0.296428241,0.301569606,0.294065864,0.487612469,0.411645512,0.485649635,0.31093169,0.312207151,0.489853693,0.30155837,0.605630135,0.571932643,0.41799333,0.579602094,0.305957798,0.305206164,0.306739664,0.409634506,0.482964085,0.310166732,0.484921247,0.481818408,0.292132627,0.407843633,0.30074962,0.324491665,0.591628342,0.592502227,0.481697998,0.297526736,0.323980268,0.294628834,0.590849231,0.594936593,0.489408744,0.575279757,0.40814964,0.297209127,0.592421573,0.294176566,0.460629459,0.30516743,0.29890613,0.547102757,0.30556454,0.597066039,0.308945954,0.460253938,0.599135109,0.304905344,0.315188559,0.48995247,0.327370927,0.488158208,0.611180977,0.295181935,0.602572185,0.577653962,0.312830746,0.305615543,0.597079891,0.321367591,0.48379096,0.306620621,0.298613964,0.313285661,0.607514855,0.480570519,0.480569874,0.480570197,0.293115147,0.297594292,0.470368582,0.30619964,0.420199362,0.296634599,0.570804734,0.409653286,0.482937696,0.460371345,0.490109623,0.294503226,0.481781891,0.301713801,0.305450524,0.301459538,0.605814968,0.478401737,0.420493089,0.408177224,0.44125307,0.30082783,0.305869686,0.300334192,0.411874708,0.296777082,0.40711954,0.604375101,0.460046181,0.312923507,0.309633132,0.484394794,0.295692632,0.581923455,0.580391278,0.460406441,0.304757749,0.591510204,0.588469667,0.299133647,0.34698678,0.418437333,0.300262966,0.485353885,0.592617826,0.487441078,0.597026778,0.459006868,0.304851145,0.294142449,0.416973852,0.292160706,0.309855709,0.297498916,0.297473064,0.30030862,0.313919964,0.411900742,0.314103312,0.549022585,0.299122982,0.305818425,0.483139588,0.523223858,0.406317214,0.263676257,0.308573715,0.292493544,0.481896241,0.30592451,0.409413791,0.588674325,0.417247098,0.459087467,0.329767625,0.483837604,0.30920056,0.297627806,0.64719094,0.593612313,0.292879214,0.30533711,0.296942618,0.311093029,0.326421114,0.315741455,0.312563666,0.326655691,0.292149395,0.32303518,0.313030883,0.293710641,0.647083844,0.40604894,0.590934728,0.305971402,0.571450004,0.315574111,0.650127167,0.573590503,0.305351122,0.325679521,0.483228173,0.298428571,0.480857143,0.595283067,0.408809977,0.592536139
Equus_caballus_18,0.332131598,0.485896987,0.452557211,0.334803699,0.654792937,0.332275376,0.322176606,0.327941747,0.319529856,0.537767837,0.452593646,0.535549106,0.338455442,0.339893476,0.540232887,0.327929114,0.670071088,0.632235331,0.459808739,0.640875945,0.332875487,0.332031249,0.333754406,0.450173368,0.532530193,0.337612547,0.534727894,0.531239205,0.317358122,0.44815646,0.327025474,0.353676649,0.654341493,0.655321922,0.531103764,0.323407455,0.353027313,0.320158004,0.653455532,0.657978655,0.53972797,0.635998871,0.448503889,0.323050962,0.655231301,0.319654479,0.507696268,0.331987699,0.324960152,0.604255596,0.3324333,0.660370158,0.336235125,0.507273816,0.662704534,0.331692762,0.343244074,0.54034409,0.356918972,0.538383449,0.676330679,0.32077203,0.666578745,0.638626296,0.340594711,0.332490728,0.660385864,0.350058484,0.533458155,0.333620393,0.324631914,0.341108812,0.672186603,0.529837776,0.52983705,0.529837413,0.318462303,0.323483518,0.518513505,0.333147301,0.462373532,0.322408487,0.630977062,0.450194484,0.532500523,0.507405905,0.54052106,0.320016912,0.531198208,0.328102598,0.332305458,0.327817982,0.670278938,0.52741647,0.462703428,0.448534915,0.485907684,0.327113396,0.332776421,0.326564688,0.452851556,0.322565467,0.447338286,0.668603361,0.507037385,0.340698992,0.337008842,0.534135939,0.321346706,0.643460704,0.641753242,0.507445329,0.331526949,0.654208762,0.650773593,0.325215109,0.379177201,0.460308404,0.326484583,0.53521656,0.655452147,0.537575162,0.66032593,0.505866519,0.331631836,0.319616132,0.458660101,0.317389535,0.33725879,0.323376235,0.323347134,0.326535937,0.341818154,0.452880754,0.342024431,0.606335003,0.325203105,0.332718798,0.532725434,0.511801018,0.446429686,0.285776728,0.335816763,0.317764045,0.531326716,0.332838061,0.449922598,0.651000502,0.45896519,0.505957066,0.359603331,0.53351061,0.33652158,0.323521247,0.717370752,0.656488795,0.318197327,0.33217833,0.322751705,0.338639878,0.355845636,0.343936694,0.340294522,0.356112028,0.317376817,0.351939564,0.34082255,0.319130286,0.717250692,0.446128263,0.653551634,0.332890782,0.631694706,0.343748664,0.720653576,0.634093747,0.332194085,0.355008984,0.532825142,0.324423363,0.5301581,0.658368387,0.449241801,0.655360293
Felis_catus_C1,0.610987533,0.67168421,0.658676389,0.612051819,0.738548035,0.611040116,0.607110909,0.609321088,0.606140313,0.691710565,0.658689972,0.690977042,0.613464048,0.614045183,0.692743689,0.609316364,0.744633413,0.729298239,0.661455477,0.732668174,0.611266359,0.610949741,0.611630893,0.657876426,0.689791503,0.613119607,0.690647519,0.689268299,0.605320292,0.657166327,0.608954244,0.619787131,0.738365788,0.738762762,0.689216796,0.607578588,0.619468397,0.606383843,0.738078506,0.739872127,0.692527612,0.730794119,0.657306004,0.607441293,0.738727552,0.606188727,0.680277366,0.610932242,0.608177519,0.718082244,0.61109866,0.740845011,0.612592676,0.680116223,0.741740213,0.610817826,0.615569103,0.692783466,0.621064173,0.69195659,0.747131683,0.606614373,0.743285052,0.731791694,0.614329135,0.611120436,0.740850809,0.618289175,0.690163397,0.611574623,0.608046966,0.614572326,0.745521792,0.688723114,0.688722844,0.688722979,0.605732775,0.607605915,0.684344567,0.61136893,0.662495692,0.607202984,0.728777593,0.657884381,0.689780172,0.680161135,0.692852681,0.60633584,0.689252672,0.609430523,0.611051523,0.609271497,0.744711784,0.687784719,0.662613105,0.657317745,0.671688244,0.608989558,0.611228752,0.608772358,0.658791555,0.607265693,0.656874162,0.744086753,0.680034765,0.614367445,0.612869133,0.690410623,0.606818785,0.73370729,0.733016144,0.680175877,0.610756461,0.738319689,0.73681436,0.608273028,0.629913565,0.661669932,0.608742174,0.690845578,0.738812069,0.69163676,0.740828545,0.6795943,0.610794957,0.606174485,0.661026449,0.605331871,0.612981388,0.607566828,0.607555962,0.608761618,0.614947122,0.658801766,0.615028422,0.718852164,0.608268543,0.611206321,0.68986579,0.688153455,0.656523278,0.593331395,0.612434624,0.605470695,0.689302615,0.611252393,0.657786575,0.736893246,0.661152115,0.679630765,0.622166061,0.690183396,0.612701019,0.607620436,0.763048596,0.739216218,0.605630533,0.611004409,0.607331908,0.613532569,0.620694882,0.615843019,0.614198744,0.620792688,0.605327146,0.619064519,0.614416165,0.605981373,0.763001261,0.656408839,0.738115372,0.611272261,0.729083259,0.615779299,0.764346666,0.730073411,0.611010361,0.620325618,0.68990415,0.607982962,0.688846786,0.74002406,0.657548189,0.738777211
Giraffa_tippelskirchi_3,0.415817447,0.491109114,0.475293223,0.417141952,0.570616315,0.415883246,0.411160215,0.413856098,0.409907285,0.515603811,0.475314294,0.514606079,0.418962237,0.419684215,0.516861078,0.41385061,0.577927718,0.560188745,0.478635203,0.564031081,0.416149727,0.415771817,0.416618661,0.474233766,0.513188802,0.418556246,0.514209171,0.512593276,0.4087857,0.473438155,0.413330859,0.427291677,0.570418694,0.570906825,0.51253115,0.411769793,0.426943519,0.410209099,0.56998869,0.572119543,0.516566526,0.561847073,0.473600654,0.411584574,0.570858963,0.409965612,0.501159257,0.41575261,0.412453334,0.547113616,0.415951497,0.573341141,0.417876133,0.500968551,0.574483813,0.415622556,0.421645171,0.516915031,0.428765879,0.515902171,0.580972017,0.410496374,0.576363895,0.563102817,0.420022927,0.41597679,0.573347941,0.425120897,0.513647649,0.416512814,0.4123061,0.420291782,0.579124211,0.511927708,0.511927393,0.51192755,0.409351765,0.411804622,0.506205453,0.416267678,0.479733715,0.411268624,0.559719922,0.474242808,0.513175712,0.501022503,0.51700429,0.410144834,0.51257536,0.413978726,0.415895922,0.413799456,0.578031045,0.510553,0.479842692,0.473614275,0.491113766,0.413381435,0.416105169,0.413080345,0.475443639,0.411343559,0.473085591,0.577309901,0.500876865,0.420080508,0.418261431,0.513980832,0.410761916,0.565184911,0.564450719,0.50103959,0.415549081,0.570360493,0.568565869,0.412567756,0.439790624,0.478864939,0.413045527,0.514446673,0.570967236,0.515508072,0.573322553,0.50030805,0.415594911,0.409948961,0.47817527,0.408799253,0.418369488,0.411755967,0.411743271,0.413067896,0.420965542,0.475456152,0.421062966,0.548047666,0.412562631,0.416079371,0.513272291,0.480436475,0.472785993,0.393427333,0.417651028,0.408986914,0.512631597,0.416133476,0.474118037,0.568668954,0.478328133,0.500391948,0.430167061,0.51367027,0.418000368,0.411821813,0.601424363,0.571374277,0.40922326,0.415837684,0.411420279,0.419038816,0.428278777,0.42201102,0.41986422,0.42843948,0.408793824,0.426193407,0.420151805,0.409731523,0.6013591,0.472676176,0.570031957,0.416156517,0.559943588,0.4218849,0.603266723,0.561065939,0.4158445,0.427897333,0.513312754,0.412225946,0.512092611,0.572318892,0.473862252,0.570924604
Gorilla_gorilla_3,0.243413942,0.360364011,0.334748869,0.245306096,0.485696627,0.243516084,0.236799022,0.240624591,0.235033966,0.397641533,0.334770902,0.396229156,0.247895452,0.248830935,0.399444835,0.240616481,0.497231635,0.468402385,0.339987236,0.475014976,0.243911729,0.243346296,0.244519697,0.332953083,0.393931217,0.247319073,0.395682162,0.393044669,0.233564983,0.331300514,0.239984565,0.258525841,0.485361535,0.48624198,0.392957688,0.23761265,0.25803961,0.235458942,0.484746378,0.488476962,0.399073114,0.47154376,0.331514728,0.237383981,0.48618128,0.235116903,0.376090535,0.243318215,0.238694653,0.446470752,0.243620203,0.490320455,0.246328804,0.375803009,0.491996003,0.243125182,0.251200615,0.39951277,0.261122206,0.398071353,0.501814647,0.235842257,0.494707433,0.473461712,0.249322979,0.243656901,0.490330495,0.255893832,0.394567969,0.244417219,0.238455038,0.249719006,0.498782711,0.39191531,0.391914841,0.391915075,0.234308768,0.23766185,0.383940011,0.244087502,0.342239812,0.236960193,0.46751511,0.332966788,0.393912207,0.375883587,0.399627757,0.235367777,0.393017346,0.240758384,0.243535844,0.240540622,0.497371312,0.39020761,0.342724692,0.331534691,0.360370918,0.240040734,0.243845371,0.239681397,0.334960052,0.237073383,0.330758934,0.496102839,0.375680147,0.249389836,0.246821505,0.395201666,0.236220721,0.476872361,0.475550485,0.375908128,0.243012008,0.485281965,0.482493567,0.238860402,0.277349954,0.340464138,0.239630026,0.39602045,0.486325793,0.39753482,0.49029171,0.374760408,0.24308328,0.235092229,0.339127557,0.233585071,0.246984879,0.2375915,0.237572576,0.239662911,0.250148193,0.334978811,0.250330991,0.448162887,0.238852566,0.243806219,0.394059861,0.577934548,0.330100797,0.211090082,0.246014659,0.233829187,0.393101658,0.243887571,0.332650376,0.482676982,0.339448727,0.374821351,0.263136605,0.394597761,0.246514493,0.237685797,0.531742597,0.487241882,0.234107797,0.243444,0.237177783,0.248021034,0.26016244,0.251733397,0.249089528,0.260396063,0.233576836,0.257370198,0.249525067,0.234765833,0.531631493,0.329908084,0.484809094,0.243921691,0.467995614,0.251620223,0.534116458,0.470025053,0.243454227,0.259468066,0.394123406,0.238329026,0.392138087,0.4887787,0.33215073,0.486267014
Homo_sapiens_2,0.59638031,0.65813528,0.644658842,0.597374016,0.724587968,0.596434201,0.592804975,0.594893128,0.591870285,0.677964501,0.644670523,0.677204266,0.5987457,0.59923933,0.67890733,0.594888854,0.730664703,0.715338869,0.647431303,0.718882609,0.596643839,0.596344554,0.596962882,0.643723867,0.675982276,0.598441076,0.676915133,0.675513845,0.591095702,0.642877626,0.594555464,0.604378224,0.724386241,0.724877336,0.675467766,0.593264558,0.604127318,0.59209641,0.724060485,0.726090225,0.678710974,0.717003302,0.642991159,0.59311863,0.724845341,0.591914142,0.666445638,0.596329727,0.593836919,0.703720053,0.59648912,0.727011344,0.597915446,0.666293652,0.727919031,0.59622773,0.600490672,0.678943222,0.605660174,0.678188801,0.73304148,0.59229921,0.729328817,0.718061427,0.599499378,0.596508514,0.727016786,0.60299071,0.676323437,0.596910337,0.593709744,0.599708269,0.73147693,0.674938152,0.674937905,0.674938029,0.591486332,0.593290802,0.670728193,0.596736645,0.648610162,0.592890729,0.714869058,0.643731101,0.67597221,0.666336238,0.679004182,0.592047973,0.675499423,0.594964001,0.596444676,0.594848869,0.730738702,0.674042926,0.648858463,0.643001738,0.65813893,0.594585126,0.596607996,0.594390121,0.644769869,0.592950797,0.642588696,0.730069386,0.666228085,0.599534408,0.598175771,0.67666139,0.592498481,0.719886215,0.719165531,0.666349182,0.59616798,0.724343349,0.722891981,0.593924964,0.614329101,0.647681925,0.594362965,0.67709399,0.724921771,0.677908083,0.726996331,0.665742622,0.596205607,0.591901132,0.646982323,0.591106313,0.598262755,0.593253513,0.593243459,0.594380335,0.599934509,0.644779758,0.600030631,0.704610357,0.593920819,0.596587277,0.676050354,0.401414755,0.642230813,0.579161836,0.597749145,0.5912349,0.675543928,0.596631093,0.643563644,0.722989118,0.647150577,0.665774803,0.606750509,0.676341373,0.598013636,0.593303457,0.748884137,0.725404856,0.591382303,0.596396165,0.593005769,0.598811812,0.605267806,0.600773863,0.599376167,0.605389721,0.591101961,0.603772729,0.599605958,0.591727738,0.748825325,0.642129836,0.724093615,0.596649067,0.715124185,0.600712689,0.750121643,0.716202773,0.596401541,0.60490162,0.676084083,0.593643136,0.675055943,0.726238103,0.643298376,0.724890573
Jaculus_jaculus_4,0.464965306,0.555323111,0.536102126,0.466330254,0.647782974,0.465031279,0.459814018,0.463047999,0.458559091,0.58367598,0.536117113,0.582566054,0.468641427,0.469714973,0.584975657,0.463042195,0.656044989,0.635027759,0.540789179,0.640060175,0.46533244,0.464918011,0.46574127,0.534161671,0.580592317,0.468112231,0.582067578,0.579991754,0.457434328,0.533153075,0.462578512,0.47823706,0.647547924,0.648075488,0.579929159,0.46050073,0.477926046,0.458851013,0.647101811,0.649727296,0.584688006,0.637216099,0.533344746,0.460370351,0.648034831,0.458619941,0.566662797,0.464898078,0.461352165,0.61917323,0.465111574,0.651161043,0.467218518,0.566466921,0.652391832,0.464751843,0.471583989,0.585027888,0.480304901,0.584057669,0.659759531,0.45916564,0.654334633,0.638776856,0.470045106,0.465138666,0.651168113,0.476051879,0.581129751,0.465664034,0.461132412,0.470389336,0.657337662,0.579180716,0.579180384,0.57918055,0.457969283,0.460540435,0.573053461,0.465458338,0.542383057,0.459946577,0.634398556,0.534171724,0.580579194,0.566525535,0.585111182,0.458794523,0.579972596,0.463126557,0.465045486,0.46299585,0.656163645,0.577738239,0.542538044,0.533358854,0.555327813,0.462622223,0.465287263,0.46231532,0.536288138,0.46004035,0.532690255,0.655302877,0.566355595,0.470099616,0.467728561,0.581776088,0.45944039,0.64133265,0.640386474,0.56654699,0.464677915,0.647467435,0.645311298,0.461506156,0.492558387,0.541027271,0.462277827,0.582363074,0.648139325,0.583518924,0.651140784,0.565522493,0.464723562,0.45860289,0.540114892,0.457448778,0.467883626,0.460485942,0.460472427,0.462301367,0.47069635,0.536301377,0.470829783,0.620321213,0.461500939,0.465260232,0.580683865,0.016121312,0.532308555,0.439996044,0.467003616,0.457634232,0.580032179,0.465315638,0.534027613,0.645447641,0.540321816,0.565562431,0.481970733,0.581152986,0.46737954,0.460557513,0.680710462,0.648709931,0.457824011,0.464988033,0.460197107,0.468749307,0.479602251,0.472183445,0.469883619,0.479784086,0.457443014,0.477058772,0.470174196,0.458354402,0.680643255,0.532179011,0.647150562,0.465339405,0.634716302,0.47200078,0.68245566,0.63614164,0.464995269,0.479081148,0.580728472,0.461027824,0.579342524,0.649988309,0.533645238,0.648093042
Macaca_fascicularis_12,0.228949887,0.345222851,0.320117192,0.230840655,0.472354584,0.2290555,0.222323424,0.226186987,0.220606908,0.3836572,0.320139195,0.382205388,0.233408648,0.23435162,0.385597493,0.226178859,0.483676442,0.454625795,0.325360679,0.461363133,0.229449425,0.228882071,0.230061825,0.318376591,0.379847555,0.232823316,0.381607998,0.378950835,0.219113244,0.316750904,0.225536814,0.244388205,0.47202633,0.473021051,0.378862954,0.223144645,0.243899074,0.221031284,0.471431242,0.4750292,0.385192731,0.457784319,0.316965832,0.222912616,0.472958144,0.220690189,0.360938706,0.228853898,0.224226085,0.432879292,0.229159233,0.476873433,0.231845336,0.360638618,0.478602242,0.228663117,0.236774929,0.385665466,0.246791696,0.384194009,0.488187703,0.221410895,0.481219048,0.459779775,0.234844243,0.229195933,0.47688351,0.241723886,0.380502144,0.229961044,0.223988535,0.235251691,0.48518986,0.377874673,0.377874203,0.377874438,0.219884173,0.223197279,0.369413404,0.229625782,0.32750796,0.222482109,0.453733586,0.318390168,0.37982859,0.360724154,0.38577923,0.220939828,0.378923195,0.22629913,0.229075067,0.226102914,0.483816522,0.375951184,0.32802943,0.31698583,0.345229804,0.225593817,0.229382563,0.225226671,0.320304293,0.222595888,0.316165188,0.482572185,0.360484826,0.23491087,0.232332885,0.381135976,0.221792495,0.463240104,0.461879309,0.360748584,0.228546864,0.471945108,0.46918642,0.224394284,0.263352804,0.325829945,0.225175274,0.381996207,0.473105585,0.383547641,0.476844579,0.359571468,0.228618368,0.220665367,0.324512803,0.219133375,0.23253036,0.223123254,0.223104266,0.225208161,0.235690247,0.320323061,0.235873221,0.43456816,0.224386454,0.229345691,0.379977363,0.04299534,0.315545114,0.195970836,0.231539985,0.219401141,0.379007972,0.22942523,0.318054045,0.469361752,0.324801092,0.359634939,0.248892036,0.380539823,0.232034848,0.223221247,0.51818898,0.473917802,0.219685985,0.228980174,0.222703333,0.233535731,0.246042198,0.237290103,0.234609802,0.2462753,0.219125115,0.243220986,0.235048946,0.220333699,0.518075435,0.315347725,0.471494251,0.229459275,0.454204645,0.237176277,0.520618678,0.456222753,0.228990463,0.245337762,0.380041248,0.223863441,0.378107642,0.475335294,0.317553654,0.473046194
Macaca_mulatta_12,0.242913652,0.357106129,0.332382439,0.244771441,0.481461762,0.24301744,0.23640654,0.240200052,0.234718947,0.394705429,0.332404055,0.393279449,0.247284793,0.248211526,0.39655419,0.24019207,0.492612115,0.464020046,0.337551057,0.470638067,0.243404156,0.242847167,0.244006391,0.330673162,0.390968044,0.246714601,0.392692893,0.39008721,0.23325175,0.329074001,0.239561644,0.258066579,0.481143484,0.482091741,0.390001082,0.23721146,0.25758305,0.235137875,0.480559643,0.48406726,0.396161177,0.467107073,0.329284845,0.236984014,0.482029808,0.234800728,0.37253191,0.242819522,0.238273948,0.442728321,0.24311929,0.485926102,0.245754332,0.372237301,0.487627758,0.242632162,0.250585018,0.396620998,0.260429551,0.395185483,0.497030471,0.235510557,0.490194777,0.469080039,0.248696332,0.243155309,0.485935998,0.255446878,0.391610173,0.243907278,0.238040412,0.249095236,0.494095823,0.389029267,0.389028806,0.389029036,0.234008995,0.237263135,0.3807907,0.243577167,0.339707621,0.236561603,0.463153684,0.330686588,0.390949427,0.372321381,0.396732653,0.235048106,0.390060089,0.240310277,0.243036657,0.240117502,0.492749961,0.387140389,0.340221725,0.329304485,0.357112957,0.23961761,0.243338555,0.23925667,0.332566131,0.236673057,0.328501725,0.491528289,0.372086283,0.248761764,0.246232879,0.392230472,0.2358848,0.47252177,0.471145027,0.372345372,0.242518078,0.481063857,0.478350234,0.238438931,0.276586377,0.338011909,0.239206203,0.39307401,0.482174767,0.394597704,0.485897765,0.37119007,0.242588131,0.234776351,0.33672349,0.233271536,0.246427067,0.237190975,0.237172374,0.239238492,0.249523715,0.332584578,0.2497034,0.444379994,0.238431241,0.243302359,0.391095432,0.490486102,0.327847638,0.21061291,0.245453242,0.233532548,0.390143499,0.243380395,0.330356215,0.478525445,0.337006717,0.371252403,0.262493239,0.391647076,0.245940477,0.237286666,0.526408737,0.482975728,0.233811884,0.242943411,0.236778545,0.247409366,0.259686363,0.251088579,0.248465256,0.25992173,0.233263423,0.256917266,0.24889731,0.234450761,0.526297282,0.327653926,0.480621437,0.243413783,0.463608831,0.250976801,0.528789595,0.465572199,0.242953508,0.258996411,0.391158164,0.237917561,0.389258105,0.484368273,0.329862427,0.482116441
Microcebus_murinus_8,0.42350394,0.507275919,0.489390164,0.424978332,0.358652428,0.423579568,0.418341917,0.421339892,0.41702763,0.527022114,0.489405117,0.528010659,0.426907537,0.427652228,0.525940962,0.421333426,0.350910591,0.371048442,0.493188939,0.366239578,0.423889919,0.423451609,0.424351807,0.488252234,0.529749411,0.426410178,0.528449157,0.530444522,0.415906197,0.487082334,0.420872138,0.43499057,0.358875852,0.358358043,0.53051317,0.41898786,0.434645998,0.41735082,0.359335876,0.357046032,0.526162641,0.368797897,0.487272193,0.418803798,0.358404308,0.417091519,0.518431497,0.423428807,0.419884137,0.385621769,0.42366123,0.355784164,0.425631786,0.518190957,0.354554396,0.423285783,0.429585555,0.525886685,0.436717283,0.526716715,0.347665197,0.417655712,0.352720017,0.367341004,0.42808491,0.423691004,0.355776065,0.4331308,0.529239101,0.424272577,0.419712032,0.428366156,0.349737896,0.531242495,0.53124287,0.531242683,0.416476244,0.419027678,0.537728312,0.424032268,0.494609015,0.418462053,0.371692559,0.488262965,0.529764433,0.518262132,0.525793228,0.417279802,0.530465885,0.421440578,0.423595171,0.421274633,0.350804001,0.532799149,0.494772559,0.487288209,0.507281498,0.420917929,0.423837919,0.420651066,0.489543057,0.41854728,0.486551692,0.351667921,0.518078176,0.428148205,0.426079652,0.528812704,0.417939353,0.364791034,0.365851254,0.518283257,0.423199436,0.358937977,0.360926531,0.420012303,0.448194801,0.493453362,0.420609535,0.528190181,0.358289288,0.527123388,0.355806715,0.51744419,0.423254351,0.417071769,0.492680229,0.415922638,0.426215528,0.418971344,0.418956053,0.42063622,0.428737739,0.489558003,0.428859826,0.384565777,0.420006111,0.423808638,0.5296482,0.57680925,0.486126952,0.585111785,0.425423997,0.416123961,0.530398963,0.423870507,0.488120097,0.360803062,0.492847206,0.51749337,0.438046461,0.529211478,0.425784823,0.419048235,0.326805675,0.357803349,0.416330186,0.423527817,0.418637541,0.42699691,0.436163915,0.42996376,0.427855352,0.436361385,0.415915872,0.434160521,0.428216597,0.416819146,0.326886486,0.485978937,0.359286333,0.423898155,0.371335223,0.429874124,0.325136321,0.370067389,0.423536116,0.435653392,0.529598663,0.419626637,0.531068239,0.356833377,0.487596566,0.358338381
Mus_caroli_2,0.236972439,0.319639498,0.30261849,0.238289023,0.40244807,0.237044552,0.232126845,0.235057859,0.23094779,0.345984669,0.302637018,0.344815549,0.240237661,0.240963828,0.347209835,0.235051745,0.409778283,0.390889874,0.306601005,0.395021353,0.237340618,0.236923265,0.237789848,0.300854338,0.343120127,0.239806837,0.34441747,0.342500394,0.229824374,0.299895747,0.234598437,0.248777504,0.402208348,0.402689782,0.342437411,0.232765112,0.248535419,0.231234709,0.401813689,0.404007947,0.347002655,0.392516957,0.300116421,0.232629491,0.40264192,0.231014665,0.330274183,0.23690081,0.233511704,0.378075644,0.237121309,0.405208996,0.239081154,0.330089936,0.406366932,0.236785508,0.242952948,0.347262994,0.250624818,0.346379754,0.412687145,0.231524766,0.408123243,0.393844719,0.24139051,0.237148134,0.405216358,0.246966331,0.343642619,0.237724333,0.233358359,0.241686436,0.410767502,0.341761725,0.341761375,0.34176155,0.230450564,0.232797269,0.33610137,0.237479477,0.307953439,0.232237842,0.390301837,0.30086446,0.34310546,0.330138492,0.34736612,0.231168278,0.342478878,0.235131892,0.237059184,0.235001723,0.409876958,0.340379591,0.308070905,0.300131461,0.319644468,0.23464057,0.237292955,0.234322819,0.302824801,0.232323542,0.299436039,0.40911472,0.329996085,0.241444252,0.239481239,0.344066863,0.231788127,0.395956077,0.395339478,0.330155148,0.236709428,0.402149537,0.400405302,0.233682096,0.262073757,0.306893764,0.234285703,0.344646814,0.402752333,0.345912876,0.405188391,0.329449055,0.236755872,0.230997186,0.306072136,0.229839635,0.239628214,0.232748976,0.232732536,0.234309733,0.242137551,0.302838843,0.242243139,0.378975737,0.233676688,0.237265961,0.343215564,0.611392798,0.298980001,0.212075541,0.238884557,0.230015662,0.342543338,0.237323128,0.300747629,0.400478302,0.306221164,0.32949117,0.252515386,0.343673493,0.239204413,0.23281648,0.431102959,0.403207998,0.230267729,0.236996725,0.232427386,0.240340677,0.249989883,0.243441907,0.24121831,0.250181731,0.22983348,0.247937616,0.241502399,0.230779254,0.431041055,0.2988369,0.401860588,0.237347881,0.390548956,0.243276124,0.432616537,0.391713252,0.23700442,0.249478031,0.343262329,0.233273528,0.341922327,0.404233697,0.300438804,0.402708235
Mus_musculus_2,0.247159021,0.328809774,0.312522872,0.248386244,0.407137812,0.247227239,0.242519814,0.24536943,0.241361084,0.354529713,0.312543136,0.353362345,0.250209897,0.25091769,0.355869412,0.245363664,0.414050909,0.397553147,0.316400257,0.401409574,0.247508216,0.247112276,0.247914026,0.310758575,0.351630926,0.24981426,0.35298652,0.351046409,0.240293427,0.309801066,0.244916618,0.258721486,0.406919854,0.407363869,0.350985814,0.243155494,0.258452299,0.241640548,0.406553575,0.408690837,0.355670232,0.399102029,0.310009225,0.242993083,0.407318908,0.24142187,0.339070349,0.247090456,0.243882253,0.385736037,0.247301377,0.40980071,0.24912734,0.338895735,0.410872103,0.246981909,0.252862687,0.355919138,0.260476375,0.354965849,0.416803323,0.24191845,0.412472014,0.400364739,0.251295072,0.247326812,0.409807576,0.256895209,0.35213872,0.24785263,0.24373402,0.251583977,0.415007075,0.35037736,0.35037703,0.350377195,0.240897235,0.243185452,0.34451838,0.247633109,0.317728836,0.242624444,0.397032408,0.310768148,0.351617375,0.338941494,0.356019911,0.24157457,0.351026019,0.245435167,0.247242754,0.245316582,0.414146175,0.348854475,0.317840866,0.310023569,0.328814428,0.244959109,0.247463293,0.244646342,0.312755086,0.242708536,0.30935107,0.413442155,0.3388172,0.251343736,0.249507908,0.352584122,0.242165904,0.402289401,0.401698133,0.338956327,0.24691007,0.406864527,0.405230586,0.244041137,0.272015418,0.316701833,0.244611405,0.353206668,0.407422712,0.354461181,0.409781244,0.338294299,0.24695414,0.241405265,0.315852365,0.240307815,0.24965236,0.243140557,0.243125668,0.244634023,0.252054803,0.312768137,0.252186805,0.386544262,0.244036015,0.247437968,0.351722654,0.881678089,0.308904155,0.222929918,0.248944226,0.240474044,0.351087101,0.247491666,0.310656041,0.405298281,0.315995728,0.338334408,0.262574452,0.352167995,0.249247304,0.243203928,0.434736929,0.407850943,0.240693235,0.247181595,0.242805457,0.250314488,0.259918723,0.253317013,0.251128474,0.260093145,0.240301999,0.257810452,0.251406898,0.241203587,0.434676827,0.308754041,0.40659747,0.247515143,0.397289732,0.253157281,0.436197934,0.398294513,0.247188962,0.259435039,0.351767308,0.243655475,0.350521785,0.408908338,0.310358586,0.40738147
Mus_pahari_3,0.195190964,0.282826391,0.26516667,0.196576713,0.366884509,0.195266801,0.190259136,0.193217649,0.189019626,0.309964583,0.265186202,0.308718354,0.198567385,0.199351513,0.311292163,0.193211246,0.374439,0.356343101,0.269161837,0.360613281,0.195574633,0.195138771,0.196045288,0.263515942,0.306976254,0.198131956,0.308314927,0.306351068,0.187869759,0.259935661,0.192749961,0.207605182,0.366638666,0.367143273,0.306286178,0.190913504,0.207346204,0.189327856,0.366190772,0.368482379,0.311063141,0.358062513,0.262747203,0.190765162,0.367094315,0.189087245,0.293976888,0.19511322,0.191713527,0.343123511,0.195346921,0.369738862,0.197363973,0.293784621,0.370920153,0.194992581,0.201462917,0.311347462,0.209426287,0.310387127,0.377468495,0.189630404,0.372713252,0.359454251,0.199747927,0.195375019,0.369746477,0.205671936,0.307493569,0.195971729,0.191540548,0.200022288,0.375453557,0.30559101,0.305590645,0.305590827,0.188499995,0.190950472,0.299786782,0.195717613,0.270572522,0.190362248,0.355750259,0.263526415,0.306960877,0.293835407,0.311454851,0.189256227,0.30632877,0.193283215,0.195282129,0.19315927,0.374536325,0.304194076,0.27068205,0.262762897,0.282831435,0.192794819,0.195524457,0.192524132,0.265335847,0.190444275,0.259403821,0.373742516,0.293685262,0.199802057,0.197788064,0.307938612,0.189895955,0.361577114,0.36091864,0.293853007,0.194911626,0.366578315,0.364716167,0.191872627,0.221096476,0.269494593,0.192485415,0.308554818,0.367209478,0.309848744,0.369717326,0.293096977,0.194961735,0.189068913,0.268648122,0.187885824,0.197946178,0.190896622,0.190880124,0.192510388,0.200513748,0.265350127,0.200621612,0.344015095,0.1918669,0.195496134,0.307081047,0.077129823,0.258977786,0.169540092,0.197151754,0.188063543,0.306396078,0.195555911,0.263404435,0.364801099,0.26880177,0.293141774,0.211305476,0.307524969,0.197493532,0.190970278,0.396484862,0.367703899,0.188287167,0.195215997,0.190551987,0.198684674,0.20878135,0.201941284,0.199574096,0.20901842,0.187879397,0.206666797,0.199861329,0.188842529,0.396423159,0.258821592,0.366238852,0.195582181,0.356050573,0.201778991,0.398027311,0.357211327,0.195224216,0.208256346,0.307129554,0.191438849,0.305748685,0.368719004,0.263071704,0.367163761
Mus_spretus_2,0.238587124,0.322077528,0.305430041,0.239859491,0.403948779,0.23865377,0.233874285,0.23669056,0.232654452,0.348899778,0.305449826,0.347668731,0.241845483,0.242617828,0.350081781,0.236684828,0.411016128,0.393709103,0.309442126,0.397989572,0.238940632,0.238540738,0.239361837,0.303639142,0.34597848,0.24140923,0.347284815,0.345381311,0.23156249,0.302723543,0.236233051,0.250562852,0.403717569,0.404174334,0.345315004,0.234458518,0.250331395,0.232941024,0.403333193,0.40546933,0.349865673,0.395475711,0.302929811,0.234324749,0.404129502,0.232719971,0.333029149,0.238519269,0.235176426,0.38143158,0.238735191,0.406620964,0.240605449,0.332858497,0.40772939,0.238407506,0.244671259,0.35013129,0.25226185,0.349273706,0.413890943,0.23325475,0.409395646,0.396812378,0.243017771,0.238760675,0.406627845,0.248723488,0.346511064,0.239300765,0.235014585,0.243334253,0.411974239,0.344652539,0.344652211,0.344652375,0.232194886,0.234488209,0.338742316,0.239078881,0.310804895,0.233977378,0.393192272,0.303648659,0.345964925,0.332903788,0.350241215,0.232875713,0.345361389,0.23675573,0.238668025,0.236638189,0.411108932,0.343176142,0.310913835,0.302943994,0.322082199,0.236281023,0.238896008,0.235975371,0.305632409,0.234044593,0.302204475,0.410375899,0.332780905,0.243079538,0.241085237,0.346936219,0.233540151,0.398924201,0.398301898,0.332918426,0.238335855,0.403661332,0.401901775,0.235342051,0.264182938,0.309732445,0.235940467,0.347509752,0.404233503,0.348831896,0.406601442,0.332210567,0.238379806,0.232698206,0.308927526,0.231576794,0.241247264,0.234443721,0.234428848,0.235963047,0.243846085,0.305645449,0.243964499,0.38224006,0.23533692,0.23887083,0.346068488,0.698216823,0.301749432,0.213487595,0.240423369,0.231745707,0.345421914,0.238924211,0.303537263,0.40196957,0.30903663,0.332250087,0.254418068,0.346557975,0.240733682,0.234506555,0.432520872,0.404710759,0.232000756,0.238609348,0.234154512,0.241992614,0.251714195,0.245156726,0.242834554,0.251878727,0.231571012,0.249700334,0.243148848,0.232494581,0.432464689,0.30159321,0.403376761,0.238947492,0.393452868,0.245002456,0.434038278,0.394514936,0.238616662,0.251213194,0.346116487,0.234929275,0.344827595,0.405677928,0.303243279,0.4041921
Neomonachus_schauinslandi_3,0.564555046,0.633044379,0.618505216,0.565781861,0.708018652,0.564615843,0.560251922,0.562644433,0.559156259,0.655553006,0.618519555,0.654678472,0.567337761,0.568026589,0.65673134,0.562638988,0.714820055,0.698000823,0.621566898,0.701771457,0.564875704,0.564509334,0.565302027,0.617583902,0.653341824,0.56695308,0.654305018,0.652772366,0.558189269,0.616779536,0.562234357,0.57436119,0.707828238,0.70822802,0.652711418,0.560762097,0.574069011,0.559441349,0.707512683,0.709424146,0.656495514,0.69968705,0.616940801,0.560620211,0.708189999,0.559212871,0.64253072,0.564490463,0.561423058,0.685206962,0.564682827,0.710528946,0.566383761,0.642344771,0.711589466,0.564357958,0.569672373,0.656777306,0.575869578,0.6558343,0.717704187,0.559681815,0.713283456,0.700771502,0.568367405,0.564707843,0.710535735,0.572668682,0.653723088,0.565240841,0.561285688,0.56863396,0.71582866,0.652122663,0.652122352,0.652122508,0.558716459,0.560794311,0.647224178,0.564994753,0.622717766,0.56035183,0.697397833,0.617592961,0.65332804,0.64239667,0.656861387,0.559378954,0.652754656,0.562755817,0.564628818,0.562588618,0.714894138,0.651070628,0.622852092,0.616954242,0.633049067,0.562271673,0.564831584,0.562030056,0.618634574,0.560421655,0.616461838,0.714153385,0.642243313,0.568410342,0.566690174,0.653984308,0.559923677,0.702974869,0.702203266,0.64241566,0.564287515,0.707779166,0.706160695,0.561533565,0.586283425,0.621785324,0.56199556,0.654536399,0.708284524,0.655465824,0.710510418,0.641697346,0.564331516,0.559196516,0.621107691,0.558202518,0.566807418,0.560748438,0.560736003,0.562017698,0.569015525,0.618646947,0.569113374,0.686125596,0.56152852,0.564806812,0.653428659,0.615407708,0.616114546,0.54438826,0.566211564,0.558371132,0.652810745,0.564859566,0.617483475,0.706230381,0.62124629,0.64173824,0.577145523,0.653746247,0.566505973,0.560810589,0.735518376,0.708720767,0.558592852,0.564574835,0.560496719,0.567425975,0.575442359,0.569938908,0.568239903,0.57555659,0.558197187,0.573628018,0.568464243,0.558987091,0.735468012,0.61598593,0.707555755,0.564882607,0.697757779,0.569851571,0.736955892,0.698850097,0.564581674,0.575036795,0.653470404,0.561211667,0.652266333,0.709593641,0.617208887,0.708244915
Ochotona_princeps_7,0.278390358,0.388529267,0.364558992,0.280543408,0.514797546,0.278496457,0.270763178,0.275234133,0.268789801,0.427608191,0.364582029,0.425819309,0.283244362,0.284389404,0.429036208,0.275225212,0.526325643,0.497471508,0.369758622,0.503955977,0.278924171,0.278316109,0.279597426,0.362924066,0.423570585,0.282593038,0.425136034,0.422615462,0.267243875,0.361645368,0.274388445,0.293884353,0.514486871,0.515412443,0.422539443,0.271660103,0.293536084,0.269253706,0.513883717,0.517528389,0.428690912,0.500659481,0.361848404,0.271448886,0.515235026,0.268884123,0.405521465,0.27828567,0.272814658,0.475847328,0.278607835,0.519337943,0.281661502,0.405196555,0.521055828,0.278084904,0.286737688,0.4291093,0.296136794,0.428106809,0.531469776,0.269667582,0.523597537,0.502392014,0.284951636,0.278647161,0.519348892,0.291523094,0.424342133,0.279504574,0.272597713,0.285290646,0.528056825,0.421166857,0.421166351,0.421166604,0.267974619,0.271718876,0.412939227,0.279060614,0.371386382,0.27094133,0.49667677,0.362938225,0.423550301,0.405312935,0.429233418,0.269153572,0.422587575,0.275384752,0.278518252,0.275140791,0.526504081,0.418821337,0.371570447,0.361869967,0.388536583,0.274487431,0.278853503,0.274031948,0.364750576,0.271050605,0.361196373,0.525359512,0.405045006,0.28502287,0.282157974,0.424749504,0.270189567,0.505912644,0.504506187,0.405342165,0.277969005,0.514414294,0.511428955,0.273026247,0.311738611,0.369970099,0.273975008,0.425543786,0.515498781,0.427335143,0.519307784,0.404071374,0.278042537,0.268857858,0.369078869,0.267265865,0.28236408,0.27163791,0.271617398,0.274011318,0.2856697,0.364770682,0.285780774,0.477727119,0.273017427,0.278815504,0.423713939,0.885033411,0.36070992,0.244464219,0.281337115,0.267492914,0.422676398,0.278898165,0.36274485,0.511664249,0.369299192,0.404133467,0.298202678,0.424382717,0.281822225,0.27174509,0.562745337,0.516371283,0.267772137,0.278424851,0.271169029,0.283485738,0.295312083,0.287197242,0.284699362,0.29558737,0.267256927,0.292873499,0.285111236,0.268491392,0.562633891,0.360530248,0.513950524,0.278934655,0.4970565,0.287069323,0.565518648,0.499204641,0.278435825,0.294713567,0.423821711,0.272489959,0.42152556,0.517819237,0.362255238,0.515440312
Oryctolagus_cuniculus_7,0.477242785,0.565541722,0.546900008,0.478640078,0.662771555,0.477315204,0.47177563,0.474902398,0.470435763,0.596327919,0.546915979,0.595018637,0.480635346,0.481416757,0.597569371,0.474896433,0.67117526,0.65018743,0.550858013,0.654849655,0.477606491,0.477193253,0.47807085,0.545609668,0.592992019,0.480221244,0.594446444,0.592330238,0.469322923,0.544443628,0.474364336,0.489197643,0.662494605,0.663021785,0.592276276,0.472422654,0.488829959,0.47076577,0.662125205,0.664400336,0.597251882,0.652232017,0.54462418,0.472278421,0.662978914,0.470500541,0.578884533,0.477172658,0.473257132,0.634126534,0.477391601,0.665794842,0.479481184,0.578656643,0.667099749,0.47702869,0.483386847,0.597622957,0.490869065,0.596725007,0.674847546,0.471061887,0.669247218,0.653570807,0.481901965,0.477418518,0.66580246,0.487387608,0.593490676,0.477990803,0.473086305,0.482187281,0.672555113,0.591460748,0.591460402,0.591460575,0.469872011,0.472463135,0.585089688,0.477736883,0.55227103,0.471903425,0.649615456,0.545619231,0.592977648,0.578725147,0.597722131,0.470686902,0.592310691,0.47502926,0.477329736,0.474841724,0.671297234,0.589728687,0.552469159,0.544638919,0.565546777,0.474434543,0.477558271,0.474085865,0.547067271,0.471995327,0.544037437,0.670334938,0.578541048,0.481948445,0.479892067,0.593990053,0.471362438,0.656297579,0.655266393,0.57874345,0.47695037,0.662454296,0.660475973,0.473388134,0.503372314,0.551121595,0.474047969,0.594824376,0.663089033,0.596175033,0.665774161,0.577720699,0.477000778,0.470482399,0.550276712,0.469337824,0.48002471,0.472407344,0.472393365,0.474072438,0.482616352,0.547081129,0.482721243,0.635401116,0.473382359,0.477532,0.593086414,0.633374037,0.543456038,0.450671709,0.479218857,0.469506641,0.59237194,0.477588683,0.545479155,0.66064737,0.550449214,0.577764974,0.492336974,0.593519372,0.479617926,0.472480816,0.69860532,0.663625057,0.46972004,0.477266242,0.472083792,0.480716199,0.490358818,0.483929083,0.481698774,0.490466743,0.469331801,0.488444225,0.482035655,0.470229182,0.698519745,0.54324268,0.662173833,0.477613596,0.649916024,0.483805123,0.700890752,0.651312159,0.477273905,0.48988858,0.593133759,0.472976687,0.591623439,0.66458527,0.544987361,0.663046398
Ovis_aries_2,0.338107575,0.39907378,0.386464543,0.339089409,0.462024329,0.3381558,0.334457625,0.33655875,0.333473184,0.418467185,0.386484311,0.417601641,0.340616055,0.341219416,0.41967915,0.336554594,0.46774682,0.453774641,0.389214193,0.456878037,0.338359719,0.33807341,0.338694516,0.385569534,0.416463441,0.340287477,0.417266616,0.416000755,0.332563216,0.384914808,0.336121384,0.34731124,0.461866525,0.462240866,0.41595248,0.334907585,0.347007493,0.333707183,0.461477671,0.463264767,0.419436014,0.455167591,0.385034487,0.334760432,0.462211378,0.333519311,0.406957464,0.338059066,0.335420694,0.443626939,0.338207802,0.464198572,0.33969191,0.406811778,0.46509426,0.337954007,0.342853575,0.41972094,0.348567153,0.418726036,0.470078579,0.333922069,0.466508213,0.456126216,0.341519709,0.338226974,0.46420378,0.345567889,0.416821783,0.338604209,0.335316714,0.341755195,0.468640925,0.415471878,0.415471639,0.415471758,0.33303832,0.334934128,0.411037231,0.338449734,0.390129749,0.334537204,0.453395247,0.385576385,0.416453581,0.406852777,0.419796375,0.333655009,0.415987066,0.336660105,0.338165648,0.336515149,0.467834281,0.414493301,0.39022713,0.385044786,0.399077309,0.336165816,0.338325714,0.33593559,0.386584606,0.334592799,0.384607996,0.467230433,0.406739268,0.341562163,0.340021692,0.417084107,0.334131137,0.457770891,0.457210296,0.406865718,0.337898132,0.461819371,0.460386173,0.335513567,0.35741947,0.389410618,0.335909096,0.417476698,0.462286477,0.418396207,0.464184427,0.406320435,0.33793302,0.333506733,0.38881687,0.332573531,0.340119289,0.334897057,0.334887405,0.335926106,0.342279271,0.386594126,0.342371349,0.444377424,0.335509654,0.33830432,0.416526946,0.087390684,0.384358217,0.319694129,0.339496684,0.332738654,0.416029979,0.338347309,0.385477169,0.460474502,0.388933943,0.406350634,0.349693487,0.416838877,0.339792825,0.334946518,0.486494084,0.462645711,0.332936766,0.338122974,0.334653974,0.3406742,0.348195665,0.34313689,0.341385849,0.348298478,0.332569379,0.346449073,0.341617706,0.333326631,0.486438948,0.384245692,0.46151054,0.338364963,0.453585622,0.343045975,0.487884604,0.454473436,0.33812815,0.347867366,0.416558576,0.335255388,0.415604995,0.46341692,0.385274912,0.462254383
Pan_paniscus_2B,0.880925167,0.639135447,0.664607171,0.88278571,0.514919374,0.881026109,0.874305016,0.878138507,0.872556166,0.602113475,0.664585305,0.603476797,0.885345429,0.88626755,0.600341778,0.878130492,0.503473763,0.532094619,0.659409176,0.52553974,0.881418918,0.880858156,0.882016223,0.666359916,0.605777273,0.884774487,0.604029428,0.606651984,0.871107128,0.667995048,0.877505972,0.895809559,0.515250295,0.514379519,0.606738114,0.8751628,0.89533925,0.87297816,0.515856149,0.512123639,0.600709181,0.52900133,0.667782536,0.874890048,0.514439419,0.872638002,0.623573746,0.880830292,0.876232416,0.553890364,0.881131287,0.510304254,0.883788825,0.623858417,0.508636706,0.880639615,0.888609787,0.600274643,0.898210861,0.601693815,0.499013696,0.873357172,0.505983582,0.52707604,0.886754337,0.881167591,0.510294183,0.893215701,0.605138965,0.881917198,0.87599582,0.88714594,0.501952087,0.607727389,0.607727853,0.607727621,0.871838797,0.87521195,0.61554903,0.881592746,0.65718201,0.87446429,0.532974478,0.666346445,0.605796071,0.623778714,0.600160662,0.872887482,0.606678982,0.878271192,0.881045703,0.878055596,0.503335814,0.60934765,0.656717869,0.667762757,0.639128383,0.877561529,0.881353777,0.877208208,0.664398408,0.874576756,0.668528743,0.504594275,0.623981433,0.886820467,0.88427596,0.604507783,0.8737313,0.523661953,0.525010497,0.623754506,0.88052762,0.515328298,0.518044608,0.876396466,0.914389662,0.658939424,0.877157397,0.60368369,0.514296516,0.602218939,0.510332442,0.624923851,0.880598056,0.872613632,0.660249446,0.871126977,0.884438541,0.875142125,0.875123351,0.877189898,0.887570554,0.664379873,0.887750897,0.552192882,0.876388745,0.881315263,0.605650307,0.235975174,0.669158665,0.848712981,0.883477713,0.871368048,0.606595701,0.881395051,0.666659419,0.51786057,0.659934438,0.624863572,0.900244629,0.605105351,0.883972631,0.875235616,0.469486069,0.513396299,0.8716439,0.880954994,0.874679592,0.885468947,0.89747859,0.889137221,0.886523484,0.897704852,0.871118846,0.894677701,0.886954157,0.872290656,0.469596494,0.66934799,0.515794231,0.881428695,0.532496942,0.889025048,0.467173767,0.530499482,0.880965127,0.896791874,0.605587245,0.875871227,0.60750704,0.51182409,0.667153758,0.514354708
Pan_troglodytes_2B,0.240827335,0.357052133,0.331567067,0.242697905,0.481914099,0.240928783,0.234166907,0.238020384,0.23240709,0.394250113,0.331588969,0.392878746,0.245266146,0.246193424,0.39602739,0.23801233,0.493428932,0.464688896,0.336769373,0.471271983,0.24132385,0.240760106,0.241924314,0.329808112,0.390571697,0.244692959,0.392335281,0.389691998,0.230950716,0.32816439,0.237384986,0.255863791,0.4815816,0.482456484,0.389605489,0.235030195,0.255393177,0.232831344,0.480972663,0.484744745,0.39565845,0.467796703,0.328378572,0.234755481,0.482396223,0.232489525,0.372696253,0.240732076,0.236105863,0.442797807,0.241034456,0.486571636,0.243704798,0.372409935,0.488247022,0.240540418,0.248563701,0.396094875,0.258282672,0.39467262,0.497896496,0.233212361,0.490913449,0.469726152,0.246682724,0.241070936,0.486581678,0.25325792,0.39121386,0.241824908,0.235867954,0.247076509,0.494955975,0.388620252,0.388619786,0.388620019,0.231686017,0.235079568,0.38075788,0.241498398,0.339007702,0.23432704,0.463804428,0.329821602,0.390552816,0.372490079,0.39620927,0.232740373,0.389664853,0.238160386,0.240948471,0.237937063,0.493567606,0.38699229,0.339474774,0.328398447,0.357059007,0.23744089,0.24125805,0.237086008,0.331776705,0.234440123,0.327627675,0.492307667,0.372286336,0.246749113,0.244194331,0.391855107,0.233588772,0.47315595,0.47180389,0.372514451,0.240428019,0.481503421,0.478780895,0.236270501,0.274547239,0.337241679,0.237034927,0.392671174,0.482539782,0.394144036,0.486543078,0.371344069,0.240498719,0.232465037,0.335924748,0.230970661,0.24435785,0.235009412,0.234990508,0.237067601,0.247517803,0.331795329,0.247699108,0.444471151,0.236262711,0.241219225,0.390699412,0.215102224,0.326994708,0.208552938,0.243392268,0.231212919,0.389748593,0.241299866,0.329507053,0.478965858,0.336241395,0.371404618,0.260308699,0.39124763,0.243889427,0.235103357,0.527610014,0.483465824,0.23149022,0.240857329,0.234543598,0.24539025,0.25754438,0.249093923,0.246450648,0.257774157,0.23096249,0.254727877,0.246883539,0.232140126,0.527499051,0.326802739,0.481034998,0.241333713,0.464284703,0.24898119,0.529915975,0.46629157,0.240867504,0.256852176,0.390762687,0.235742748,0.388832166,0.485045711,0.32901025,0.482481384
Panthera_tigris_C1,0.610517499,0.671329606,0.658245488,0.611582651,0.738225326,0.610570473,0.60663728,0.608842607,0.605656724,0.691453347,0.658259168,0.690716792,0.613003751,0.613591438,0.692498274,0.608837845,0.74424086,0.729161175,0.661070868,0.732497621,0.610798638,0.610479542,0.611164387,0.657441497,0.689512101,0.612656325,0.690382087,0.688991459,0.604839157,0.656732247,0.608475475,0.619296627,0.738049453,0.73843489,0.688939551,0.607106454,0.619007838,0.605904086,0.73776704,0.739507905,0.692278782,0.730656447,0.656872087,0.606970034,0.738400466,0.605705519,0.67995551,0.610461905,0.607705115,0.718024625,0.610629533,0.740455643,0.612125364,0.67979087,0.741361567,0.610347306,0.615099017,0.69253851,0.620575094,0.691705029,0.746813681,0.606138623,0.742901686,0.731628457,0.613874656,0.610651326,0.740461605,0.617796224,0.689893322,0.611109166,0.607574963,0.614117606,0.745172876,0.688446963,0.68844669,0.688446826,0.605245073,0.607133841,0.684060582,0.610901908,0.662098688,0.606729981,0.728651252,0.657449524,0.689500435,0.679836195,0.692609885,0.605854605,0.6889757,0.608952084,0.610582011,0.608792879,0.744321276,0.687498415,0.662216193,0.656883939,0.671333663,0.608508734,0.610760786,0.608292676,0.658358995,0.606793024,0.656438415,0.743699747,0.679707075,0.613912135,0.612405685,0.690143253,0.606343457,0.733514101,0.732846178,0.679851039,0.6102854,0.738004014,0.736531555,0.607801413,0.629402457,0.661279229,0.608262287,0.690583715,0.738483498,0.691381158,0.740439129,0.679260432,0.610324221,0.605691184,0.660643592,0.604850832,0.612517045,0.607094593,0.607083628,0.608281852,0.614494998,0.658369283,0.614576856,0.718800547,0.607796974,0.610738214,0.689587292,0.687871122,0.65611251,0.592830801,0.611968974,0.604991081,0.6890261,0.610784562,0.657352976,0.736610984,0.660771775,0.679296993,0.621671877,0.689914574,0.612235942,0.607148431,0.76285241,0.738875838,0.605141872,0.610534426,0.606859915,0.613073889,0.620211265,0.615347721,0.613745317,0.620308417,0.604846075,0.618601912,0.613960266,0.605495619,0.762804157,0.655997598,0.737804811,0.610804569,0.728945521,0.615283531,0.764146359,0.7299347,0.610540402,0.619843442,0.689626176,0.607509846,0.68857038,0.739653775,0.657113282,0.738449402
Papio_anubis_10,0.223883283,0.340558234,0.315234179,0.225779273,0.468216495,0.223987377,0.217201905,0.221108963,0.21547149,0.378840822,0.315256431,0.377391216,0.228413987,0.229368869,0.380755149,0.221100755,0.47966652,0.450217843,0.320486828,0.457068416,0.224384735,0.223814654,0.224993215,0.313477369,0.375029666,0.227829965,0.376785148,0.374126364,0.21396794,0.311827254,0.220450089,0.239450831,0.467865388,0.468857364,0.374037773,0.218027002,0.238968618,0.215900494,0.467259043,0.470879312,0.380351417,0.453427524,0.312044432,0.217793115,0.468793709,0.215555744,0.356318606,0.223786243,0.219125026,0.428374277,0.224092127,0.472787519,0.226841776,0.356020146,0.474507908,0.223593371,0.231861336,0.380823889,0.241890602,0.37934501,0.484190819,0.216281499,0.477139317,0.455468743,0.229866993,0.224129237,0.472797696,0.236728155,0.375687907,0.224891367,0.218881942,0.230323847,0.481190701,0.373047508,0.373047034,0.373047271,0.214738752,0.218080236,0.364739224,0.224562764,0.322650604,0.217361715,0.449340635,0.313491096,0.37501053,0.356104068,0.380938958,0.215807858,0.37409845,0.221222364,0.22400713,0.221024067,0.47980789,0.371166732,0.323193325,0.312064596,0.340565256,0.220507473,0.224317364,0.220135458,0.315423548,0.217476334,0.311286731,0.478553054,0.355865341,0.229934356,0.227333945,0.376324316,0.216667337,0.458947311,0.45759023,0.356128779,0.223478753,0.467783482,0.464996004,0.219293874,0.258418402,0.320957852,0.220083546,0.377178497,0.46894267,0.378730251,0.472758435,0.354943615,0.223550893,0.215530638,0.319684686,0.21398827,0.227534154,0.218005842,0.217986698,0.220116765,0.230781065,0.31544247,0.230965672,0.430079302,0.219285967,0.224280199,0.375159578,0.883189982,0.310610223,0.190766606,0.226531274,0.214251375,0.374184096,0.224360444,0.313145959,0.465170561,0.319975942,0.355007602,0.243951471,0.3757224,0.227033097,0.21810444,0.514357187,0.469754949,0.214538298,0.223913845,0.217582239,0.228541661,0.241126377,0.232374728,0.229629523,0.241370947,0.213979927,0.238231215,0.230121914,0.215197654,0.514242774,0.310411057,0.467322832,0.224394738,0.449803633,0.232265771,0.516803996,0.451848363,0.22392422,0.240419141,0.375224134,0.218755636,0.373277718,0.471189767,0.312638117,0.468882747
Peromyscus_maniculatus_4,0.149287345,0.240355636,0.221233678,0.150776212,0.332634097,0.14936653,0.143806725,0.147017587,0.142526328,0.269923893,0.221254536,0.268564233,0.152962228,0.153959856,0.271224211,0.147010846,0.340876295,0.320574946,0.225514096,0.325503512,0.149694305,0.14923276,0.150204114,0.219598747,0.266726114,0.152495266,0.26808565,0.266066343,0.141335058,0.218332305,0.146504715,0.16241013,0.332374984,0.332899123,0.265993609,0.144509433,0.16214818,0.142851737,0.331945764,0.334449484,0.270969552,0.322588682,0.218530239,0.144337043,0.33285062,0.142596788,0.252712208,0.149209291,0.145337728,0.305849336,0.149452806,0.335791602,0.15162954,0.252524551,0.337059537,0.149075126,0.156060766,0.27128173,0.164552529,0.270279468,0.3440041,0.143156405,0.338992193,0.324222449,0.154334466,0.149482888,0.335799597,0.160307856,0.26728522,0.150125368,0.145155649,0.154626555,0.341988567,0.265221114,0.265220726,0.26522092,0.141994944,0.144546159,0.25907214,0.149839471,0.226894644,0.143925636,0.31993573,0.219610045,0.266710465,0.252575361,0.271383738,0.142775661,0.266043062,0.147076096,0.149382877,0.146955493,0.340983939,0.263671308,0.227025028,0.218546495,0.240361059,0.146544466,0.149640586,0.146228843,0.221406533,0.144023339,0.217688461,0.340115848,0.252438016,0.154386685,0.152093244,0.267748678,0.143421192,0.326688202,0.325837931,0.252594706,0.148988779,0.3323121,0.330303342,0.145510112,0.176600401,0.225826738,0.146187624,0.268349992,0.33296871,0.26983721,0.335768501,0.251761893,0.149042382,0.142577197,0.224919445,0.141351902,0.152252223,0.144492072,0.144474704,0.146214145,0.15516638,0.221421813,0.155298134,0.306860253,0.145504133,0.149611138,0.266833622,0.369975445,0.217179189,0.121384307,0.151413974,0.141545021,0.266113974,0.149674171,0.219470955,0.330397865,0.225104219,0.251807028,0.16603755,0.267312419,0.151767822,0.144566642,0.365011446,0.333533323,0.141765319,0.149313206,0.144125102,0.153116572,0.163826688,0.156500897,0.154176767,0.164046793,0.141345096,0.161463402,0.154464203,0.142339182,0.364929126,0.217043971,0.331997123,0.149702773,0.320240902,0.156364884,0.366747196,0.321563583,0.149321686,0.163239769,0.266887742,0.145063213,0.265415907,0.334737734,0.219016275,0.332919289
Piliocolobus_tephrosceles_11,0.23463549,0.352010653,0.326522318,0.236608248,0.479706074,0.234739576,0.227888964,0.231744763,0.226161311,0.390337438,0.32654424,0.388858182,0.239212061,0.240154082,0.392233914,0.231736658,0.490954372,0.461982396,0.331586424,0.468644011,0.235139703,0.234565558,0.235750927,0.324767805,0.386493325,0.238636341,0.388293149,0.385601226,0.224686072,0.323113274,0.231102466,0.250062035,0.479391256,0.48032808,0.385514112,0.228705459,0.249575726,0.22658726,0.47880672,0.482381505,0.391829052,0.46509366,0.323328406,0.228471183,0.480265053,0.226246993,0.367748966,0.234537527,0.229787811,0.439540535,0.234843311,0.484108136,0.237607101,0.367449462,0.485828378,0.234345917,0.242542054,0.392301623,0.252472764,0.390834544,0.495473182,0.226966767,0.488426941,0.467061995,0.240647809,0.234880009,0.484118129,0.247380535,0.387144306,0.235650523,0.229550851,0.241042085,0.492499051,0.384526645,0.384526177,0.384526411,0.225443682,0.228758056,0.376101747,0.235315156,0.333855097,0.228044937,0.46111573,0.324781418,0.386474454,0.367537134,0.392414962,0.226495749,0.385573773,0.231882684,0.23475915,0.231661248,0.49109351,0.382576893,0.3343828,0.323348307,0.352017596,0.231158956,0.235073117,0.230793857,0.326708281,0.228159797,0.322534675,0.489821599,0.367299456,0.240714324,0.238139992,0.387828256,0.227355652,0.470509827,0.469163078,0.367561545,0.234230097,0.479318383,0.476471235,0.229955612,0.269103386,0.332056365,0.230742641,0.388649674,0.480412195,0.390230902,0.484079388,0.366413669,0.234303938,0.226222177,0.330808959,0.224706137,0.238341853,0.228684536,0.228665625,0.230775399,0.241477115,0.326726996,0.241661368,0.441254864,0.22994781,0.235033479,0.386625395,0.296902756,0.321909096,0.201767584,0.237319213,0.224963014,0.385658411,0.235115518,0.32449985,0.47664523,0.331081041,0.36647757,0.254541588,0.387178297,0.237843476,0.228782092,0.525413343,0.481273541,0.225241774,0.234666336,0.228264258,0.239338187,0.251732387,0.243057173,0.240415296,0.251975034,0.224697907,0.248903549,0.240847042,0.225891405,0.525298249,0.321700049,0.478871908,0.235149478,0.461568289,0.242941322,0.527880594,0.463539971,0.234676611,0.251017473,0.386689344,0.229426887,0.384749344,0.482682265,0.32398949,0.480353099
Rattus_norvegicus_3,0.173129619,0.262781377,0.245175937,0.174477358,0.349556582,0.173200971,0.168073466,0.170958159,0.166902365,0.29166358,0.245196542,0.290439881,0.176479331,0.177269331,0.292892053,0.170951942,0.357100799,0.338803127,0.249516135,0.34311959,0.173502425,0.173079203,0.173970709,0.24335766,0.288361296,0.17599592,0.290016636,0.28774777,0.165835629,0.242275045,0.170489426,0.185772597,0.349326433,0.349788766,0.287685365,0.168696901,0.185464351,0.167197134,0.348906222,0.351100849,0.29263391,0.340509752,0.242503413,0.168552173,0.349743006,0.166966926,0.274169349,0.173056125,0.169441407,0.325769518,0.173278666,0.35232876,0.175219231,0.273987326,0.353506746,0.17293231,0.17915544,0.292948225,0.187848259,0.292025903,0.359959297,0.167463559,0.35531512,0.342021854,0.177631547,0.173306441,0.352336161,0.183427255,0.288940037,0.173886312,0.169284806,0.177915437,0.358088321,0.286943229,0.286942874,0.286943051,0.166392534,0.168731918,0.280565355,0.173636297,0.251004484,0.168182254,0.33825364,0.243368067,0.288346879,0.274036689,0.293051051,0.167127196,0.287726206,0.171001127,0.173215968,0.170901422,0.357195502,0.285311015,0.251117118,0.24251841,0.262786252,0.170525561,0.173453411,0.170248877,0.245440043,0.168268178,0.241796148,0.356346289,0.273876958,0.177682531,0.175615737,0.289509703,0.167724087,0.344089222,0.343416855,0.274053064,0.172854491,0.349272882,0.347415974,0.169618431,0.200942252,0.249780791,0.170211713,0.29024175,0.349855433,0.291577539,0.352307362,0.273272696,0.172901778,0.166949102,0.248906436,0.165851135,0.175790423,0.168681005,0.168665304,0.170235785,0.178341806,0.245454603,0.178433817,0.326710411,0.16961287,0.173425612,0.288460578,0.297846683,0.241306691,0.145694016,0.17504235,0.16600983,0.287790945,0.173484275,0.243232881,0.347490758,0.249064534,0.273314889,0.190285138,0.288974699,0.175347022,0.168751115,0.379222224,0.350336601,0.166223124,0.17315407,0.168354225,0.176590794,0.187077397,0.179598782,0.177481235,0.18737933,0.16584487,0.184563333,0.177735846,0.166727549,0.3791362,0.241125314,0.34895268,0.173509471,0.338516084,0.179424598,0.380737947,0.339657965,0.173161695,0.186589118,0.288505965,0.169205538,0.287152109,0.351370504,0.242921648,0.349808022
Rhinopithecus_roxellana_14,0.987676978,0.220668997,0.196071449,0.989512706,0.463428098,0.987773823,0.981285177,0.984986658,0.979641779,0.377473785,0.196092323,0.376113952,0.992074485,0.993019344,0.379477067,0.984978978,0.474350308,0.446033901,0.20099822,0.452631168,0.988145815,0.987612915,0.988774592,0.194363567,0.373718973,0.991529167,0.375560149,0.372870479,0.978231373,0.192777735,0.984380773,0.167252359,0.463129919,0.464078118,0.372784736,0.982098693,0.167716074,0.98004792,0.462557703,0.466063209,0.379091925,0.449125683,0.192980739,0.981879982,0.46401829,0.979723139,0.23605841,0.987586334,0.983121008,0.425165184,0.987871762,0.467832975,0.990567035,0.23577503,0.469471043,0.987403628,0.995407575,0.379541019,0.164993386,0.378054006,0.478630259,0.980405121,0.4719286,0.451071784,0.993490088,0.987906481,0.467842488,0.169863677,0.374396897,0.988679676,0.982895985,0.993912801,0.475791655,0.252023367,0.252022923,0.252023145,0.978956522,0.982148387,0.244163061,0.98831206,0.203266189,0.981478993,0.445221472,0.194376716,0.373701092,0.235857971,0.379650378,0.979961334,0.372844357,0.985130388,0.987792361,0.984907552,0.474481997,0.250252663,0.203772613,0.192999595,0.220675575,0.984434037,0.988082816,0.984082868,0.196250741,0.981586039,0.192213893,0.473247158,0.235629215,0.993553116,0.991069141,0.375075057,0.980775811,0.454433412,0.453115816,0.235881026,0.987296419,0.463054007,0.460359843,0.983287283,0.148555387,0.201494598,0.984034356,0.375923529,0.464157815,0.377372512,0.467805699,0.2347107,0.987363824,0.979699678,0.200259086,0.978250384,0.991262972,0.982078787,0.982060803,0.984065408,0.994373928,0.196268466,0.994546309,0.426849007,0.983279862,0.988048016,0.373844601,0.239396297,0.191538416,0.955558046,0.990240014,0.97849694,0.372924394,0.98812296,0.19410701,0.460523043,0.20051412,0.234770514,0.162950788,0.37442911,0.990785406,0.982171146,0.608622292,0.464986573,0.978769942,0.987705576,0.981684532,0.992197438,0.165702658,0.995942685,0.99326417,0.165476052,0.978242586,0.168379747,0.993729828,0.979380122,0.60851481,0.191352509,0.462617235,0.988155091,0.445648782,0.995785376,0.610943991,0.447590181,0.987715252,0.166350417,0.373904835,0.982778265,0.252236896,0.466349236,0.193597896,0.464101831
Sus_scrofa_15,0.946036052,0.52763329,0.549078996,0.94771387,0.420548145,0.946118865,0.940367883,0.943644346,0.938791694,0.495580646,0.549059624,0.496762355,0.94999226,0.950882094,0.494017618,0.943636882,0.41083592,0.434846984,0.544842136,0.429421315,0.946470407,0.94597667,0.947061415,0.550439257,0.498787222,0.949459987,0.497309727,0.499619953,0.937468224,0.551547354,0.943037029,0.960132132,0.420813947,0.420124024,0.499705867,0.941096386,0.959632099,0.939166055,0.421366098,0.418449581,0.494417753,0.432317448,0.551343911,0.940902771,0.420179631,0.938863447,0.514246269,0.94595091,0.942005064,0.453975671,0.94621125,0.416870472,0.948616096,0.514514208,0.415341594,0.945776724,0.953286627,0.493954127,0.962203461,0.495118388,0.406889653,0.939532831,0.412960812,0.430696741,0.951359644,0.94624515,0.416861399,0.957625372,0.498027212,0.946923322,0.941803081,0.951713329,0.409533089,0.500508675,0.500509103,0.500508889,0.938136967,0.941143554,0.507568591,0.946631724,0.543261738,0.940506062,0.435718558,0.550426965,0.498804977,0.514437271,0.493849037,0.939082672,0.499644238,0.943759734,0.946136057,0.943568048,0.41071358,0.502172,0.543109779,0.551325637,0.527626795,0.943101681,0.946412528,0.942748828,0.548878878,0.940603012,0.551985328,0.411786147,0.514651923,0.951419951,0.949091259,0.497641642,0.939885277,0.427814117,0.428948117,0.514413583,0.945675664,0.420889047,0.423181211,0.942155378,0.975650127,0.544381665,0.942701838,0.496975278,0.420043611,0.495679576,0.416896218,0.51534961,0.945740188,0.938840835,0.545429846,0.937486962,0.949260226,0.941077819,0.941060719,0.942732021,0.952488281,0.548861693,0.952622748,0.452664999,0.942148463,0.946378777,0.498671271,0.66661382,0.552328167,0.918397944,0.948363013,0.937694472,0.499568419,0.946448408,0.550588382,0.423039173,0.545225114,0.515295056,0.963897802,0.497994658,0.948774258,0.941165753,0.38128681,0.419407707,0.937961015,0.94606241,0.940716506,0.950087686,0.961532147,0.953701568,0.951140055,0.96168885,0.9374791,0.958979587,0.951503762,0.938552905,0.381366689,0.552449153,0.421310319,0.946479708,0.435233651,0.953557678,0.379158662,0.433520288,0.946071868,0.960985651,0.498614987,0.941700369,0.500306927,0.418194754,0.550957622,0.420101754
Tursiops_truncatus_7,0.250940385,0.369793023,0.344512593,0.25306759,0.497249786,0.251043195,0.243688043,0.247805709,0.241778246,0.408333435,0.344536677,0.406843732,0.25608408,0.257141719,0.410427426,0.247796456,0.508904695,0.479873479,0.34945285,0.486316324,0.251486706,0.250864711,0.252233115,0.342822784,0.404574177,0.255367729,0.406221868,0.403674649,0.240067959,0.341474807,0.247075255,0.268576394,0.49692654,0.497650136,0.403573732,0.244553856,0.268006304,0.24225941,0.496265567,0.499876065,0.409932984,0.482644466,0.341719845,0.244316222,0.497584776,0.241875444,0.385775771,0.250833232,0.245659146,0.459113433,0.251158759,0.501688743,0.254206779,0.385485687,0.503426123,0.250632303,0.260387914,0.410495943,0.270819514,0.408916901,0.513873071,0.24269158,0.506174509,0.484554973,0.257865437,0.251202867,0.501700048,0.265225037,0.40532997,0.252074373,0.24542381,0.258348258,0.510497814,0.402621553,0.402621027,0.40262129,0.240947972,0.244607428,0.393843767,0.251684539,0.351403957,0.243851547,0.479017673,0.342838177,0.404552145,0.385571939,0.410659579,0.242144566,0.403644784,0.247980256,0.251065166,0.247715983,0.509054026,0.400289656,0.351596422,0.341742184,0.369800715,0.247145806,0.251416996,0.246733581,0.344720591,0.243964137,0.340848348,0.507713004,0.385321113,0.257937261,0.254866024,0.405831982,0.243093465,0.488260519,0.486928435,0.385600891,0.250508969,0.496846077,0.494064959,0.245851279,0.288175359,0.349989392,0.246675528,0.406587451,0.497746737,0.408186587,0.501657536,0.384433706,0.250587906,0.241847553,0.348684453,0.240090605,0.255048184,0.244530894,0.244509459,0.246712838,0.259323856,0.344741553,0.259534318,0.460529453,0.245842517,0.251375396,0.404717272,0.226684238,0.34035466,0.217894813,0.253892137,0.240365541,0.403739272,0.251459736,0.342654061,0.494240708,0.348933183,0.384500434,0.273053302,0.405367685,0.254528131,0.2446346,0.545620326,0.498588247,0.240749525,0.250973275,0.244094944,0.25619696,0.270138175,0.260844309,0.257484918,0.270338692,0.240081439,0.266773311,0.258060543,0.24148861,0.545528505,0.34017264,0.496343811,0.251497862,0.479444317,0.260708529,0.54847625,0.481295726,0.250984686,0.269452978,0.404787061,0.24529973,0.402856083,0.500150344,0.342189948,0.497677316
